branch_id,plant_id,plant_num,orientation,farmer,plot_id,plot_type,fert_trt,shd_trt,per_thin,n1i_tot_len,n1i_tot_nod,n1i_frtd_nod,n1i_frt,n1i_tot_lvs,n1h_tot_len,n1h_tot_nod,n1h_frtd_nod,n1h_frt,n1h_tot_lvs
1057,1,1,N,Fernando,X1,hshd,h,shd,66,37.5,13,7,96,12,44,16,7,96,12
1058,1,1,S,Fernando,X1,hshd,h,shd,66,41,13,8,129,12,42.5,15,8,81,9
1059,1,1,E,Fernando,X1,hshd,h,shd,66,36.5,13,7,85,12,44,17,8,72,15
1060,1,1,W,Fernando,X1,hshd,h,shd,66,37.5,14,9,109,9,40,18,7,62,11
1061,2,2,N,Fernando,X1,hshd,h,shd,66,39,11,5,30,14,60,18,5,9,21
1062,2,2,S,Fernando,X1,hshd,h,shd,66,24,7,3,7,12,45.5,12,2,3,19
1063,2,2,E,Fernando,X1,hshd,h,shd,66,40.5,13,8,54,9,63,19,8,26,17
1064,2,2,W,Fernando,X1,hshd,h,shd,66,30.5,10,5,12,22,54.5,16,5,11,25
1065,3,3,N,Fernando,X1,hshd,h,shd,66,37,11,4,15,15,40,12,3,11,14
1066,3,3,S,Fernando,X1,hshd,h,shd,66,39,12,7,56,18,60,19,7,38,25
1067,3,3,E,Fernando,X1,hshd,h,shd,66,46,11,6,37,19,59,18,6,30,25
1068,3,3,W,Fernando,X1,hshd,h,shd,66,41,12,7,40,15,61,20,7,33,19
1069,4,4,N,Fernando,X1,hshd,h,shd,66,42,16,9,113,8,46.5,19,9,26,10
1070,4,4,S,Fernando,X1,hshd,h,shd,66,26,10,5,28,11,34,13,5,13,7
1071,4,4,E,Fernando,X1,hshd,h,shd,66,28.5,9,4,16,11,37,12,4,14,12
1072,4,4,W,Fernando,X1,hshd,h,shd,66,24,8,4,14,16,36.5,11,4,8,20
1073,5,5,N,Fernando,X1,hshd,h,shd,0,38,15,10,128,10,42,18,10,101,11
1074,5,5,S,Fernando,X1,hshd,h,shd,0,39,16,8,57,11,48,21,8,46,15
1075,5,5,E,Fernando,X1,hshd,h,shd,0,36,14,7,69,12,50,20,6,50,17
1076,5,5,W,Fernando,X1,hshd,h,shd,0,32,12,6,81,15,36.5,15,6,71,14
1077,6,6,N,Fernando,X1,hshd,h,shd,0,26,11,5,21,14,31,13,5,18,17
1078,6,6,S,Fernando,X1,hshd,h,shd,0,38,13,7,67,18,48,16,7,43,14
1079,6,6,E,Fernando,X1,hshd,h,shd,0,28,9,3,23,17,44,15,3,22,21
1080,6,6,W,Fernando,X1,hshd,h,shd,0,33.5,10,5,41,16,40,12,5,30,14
1081,7,7,N,Fernando,X1,hshd,h,shd,0,36,12,6,68,18,45.5,16,6,58,16
1082,7,7,S,Fernando,X1,hshd,h,shd,0,46,16,10,124,18,55,19,10,94,19
1083,7,7,E,Fernando,X1,hshd,h,shd,0,36,12,7,79,15,49,16,7,65,15
1084,7,7,W,Fernando,X1,hshd,h,shd,0,29.5,11,6,31,11,29,11,5,21,7
1085,8,8,N,Fernando,X1,hshd,h,shd,0,37.5,13,7,108,12,46,16,7,89,15
1086,8,8,S,Fernando,X1,hshd,h,shd,0,42.5,14,8,142,17,43.5,17,8,101,1
1087,8,8,E,Fernando,X1,hshd,h,shd,0,27,11,2,3,18,28,11,0,0,11
1088,8,8,W,Fernando,X1,hshd,h,shd,0,38.5,15,6,40,14,43,18,7,36,14
1089,9,9,N,Fernando,X1,hshd,h,shd,0,41,14,8,81,12,44,17,8,81,15
1090,9,9,S,Fernando,X1,hshd,h,shd,0,30,12,6,22,9,36,15,7,19,7
1091,9,9,E,Fernando,X1,hshd,h,shd,0,25,11,5,25,9,27,14,5,17,10
1092,9,9,W,Fernando,X1,hshd,h,shd,0,40,14,9,92,15,44,17,9,54,16
1093,10,10,N,Fernando,X1,hshd,h,shd,66,42.5,14,8,75,13,44,16,8,58,5
1094,10,10,S,Fernando,X1,hshd,h,shd,66,40,15,9,157,10,42,17,10,87,13
1095,10,10,E,Fernando,X1,hshd,h,shd,66,35,13,11,123,5,36,15,9,63,0
1096,10,10,W,Fernando,X1,hshd,h,shd,66,34,13,8,93,10,36,15,8,70,4
1097,11,11,N,Fernando,X1,hshd,h,shd,0,33.5,10,5,58,15,42,13,5,58,14
1098,11,11,S,Fernando,X1,hshd,h,shd,0,42,13,7,82,11,30,10,4,20,9
1099,11,11,E,Fernando,X1,hshd,h,shd,0,41,13,8,96,17,54.5,18,8,90,21
1100,11,11,W,Fernando,X1,hshd,h,shd,0,23,8,4,21,8,43.5,15,7,72,0
1101,12,12,N,Fernando,X1,hshd,h,shd,0,38,15,9,78,10,46,19,9,60,7
1102,12,12,S,Fernando,X1,hshd,h,shd,0,26,10,6,44,11,32,19,6,39,14
1103,12,12,E,Fernando,X1,hshd,h,shd,0,31,13,8,87,10,41,17,8,60,9
1104,12,12,W,Fernando,X1,hshd,h,shd,0,26,12,5,21,11,40,17,7,27,13
1105,13,13,N,Fernando,X1,hshd,h,shd,33,38,13,7,113,13,38.5,16,8,61,5
1106,13,13,S,Fernando,X1,hshd,h,shd,33,31,11,6,97,9,36,13,6,29,4
1107,13,13,E,Fernando,X1,hshd,h,shd,33,37,13,6,52,12,49,17,6,44,15
1108,13,13,W,Fernando,X1,hshd,h,shd,33,35.5,12,6,32,11,37,14,3,25,9
1109,14,14,N,Fernando,X1,hshd,h,shd,33,34.5,10,5,103,8,38,14,7,52,5
1110,14,14,S,Fernando,X1,hshd,h,shd,33,25,10,8,81,9,25,9,6,30,6
1111,14,14,E,Fernando,X1,hshd,h,shd,33,40,13,9,146,11,43,15,8,66,6
1112,14,14,W,Fernando,X1,hshd,h,shd,33,37.5,12,8,141,14,43,15,8,102,8
1113,15,15,N,Fernando,X1,hshd,h,shd,33,30.5,14,9,33,13,38,18,6,21,15
1114,15,15,S,Fernando,X1,hshd,h,shd,33,34,13,9,89,7,39,16,10,68,7
1115,15,15,E,Fernando,X1,hshd,h,shd,33,29,11,7,46,11,38,16,7,38,5
1116,15,15,W,Fernando,X1,hshd,h,shd,33,32.5,14,8,68,11,32,13,7,25,7
1117,16,16,N,Fernando,X1,hshd,h,shd,0,31.5,14,7,32,13,32,14,8,29,5
1118,16,16,S,Fernando,X1,hshd,h,shd,0,27,13,7,20,13,30,14,6,16,11
1119,16,16,E,Fernando,X1,hshd,h,shd,0,33.5,13,9,30,9,38,15,9,26,3
1120,16,16,W,Fernando,X1,hshd,h,shd,0,32,14,6,14,9,31,15,4,7,4
1121,17,17,N,Fernando,X1,hshd,h,shd,66,32,12,6,68,12,34.5,14,6,60,10
1122,17,17,S,Fernando,X1,hshd,h,shd,66,45.5,17,12,148,14,49,20,12,104,16
1123,17,17,E,Fernando,X1,hshd,h,shd,66,40.5,14,9,154,14,41,15,9,103,5
1124,17,17,W,Fernando,X1,hshd,h,shd,66,28,9,5,41,13,28,9,5,33,8
1125,18,18,N,Fernando,X1,hshd,h,shd,0,44,15,9,126,14,45,17,9,107,11
1126,18,18,S,Fernando,X1,hshd,h,shd,0,42,15,10,123,12,44,17,11,89,5
1127,18,18,E,Fernando,X1,hshd,h,shd,0,41,15,9,106,12,42,16,10,61,7
1128,18,18,W,Fernando,X1,hshd,h,shd,0,36.5,14,7,73,13,46,16,6,55,6
1129,19,19,N,Fernando,X1,hshd,h,shd,33,47.5,16,11,157,16,51.5,19,12,122,14
1130,19,19,S,Fernando,X1,hshd,h,shd,33,31.5,11,7,60,9,33,12,5,27,6
1131,19,19,E,Fernando,X1,hshd,h,shd,33,48,16,10,150,14,56.5,20,11,127,14
1132,19,19,W,Fernando,X1,hshd,h,shd,33,45,15,9,140,15,48.5,17,9,129,14
1133,20,20,N,Fernando,X1,hshd,h,shd,0,33,14,9,150,14,35,15,9,47,3
1134,20,20,S,Fernando,X1,hshd,h,shd,0,36,14,10,162,14,34.5,15,10,73,3
1135,20,20,E,Fernando,X1,hshd,h,shd,0,36.5,13,9,132,11,37.5,17,9,52,3
1136,20,20,W,Fernando,X1,hshd,h,shd,0,31,13,8,166,14,32,14,9,55,3
1137,21,21,N,Fernando,X1,hshd,h,shd,33,28,13,7,76,11,33,14,6,58,12
1138,21,21,S,Fernando,X1,hshd,h,shd,33,29,13,6,53,13,35,17,5,35,13
1139,21,21,E,Fernando,X1,hshd,h,shd,33,33.5,15,10,121,13,40,17,10,87,3
1140,21,21,W,Fernando,X1,hshd,h,shd,33,26,12,6,45,10,31.5,13,6,35,9
1141,22,22,N,Fernando,X1,hshd,h,shd,33,27,12,4,33,15,32,15,4,25,24
1142,22,22,S,Fernando,X1,hshd,h,shd,33,42,16,11,188,10,42,15,9,98,5
1143,22,22,E,Fernando,X1,hshd,h,shd,33,36,14,10,151,14,35.5,15,10,102,9
1144,22,22,W,Fernando,X1,hshd,h,shd,33,45.5,16,10,112,15,48,18,10,91,10
1145,23,23,N,Fernando,X2,lshd,l,shd,66,28,11,7,86,13,40,16,6,75,15
1146,23,23,S,Fernando,X2,lshd,l,shd,66,32.5,13,8,112,17,34,14,8,81,15
1147,23,23,E,Fernando,X2,lshd,l,shd,66,29.5,13,9,101,14,31,14,9,83,8
1148,23,23,W,Fernando,X2,lshd,l,shd,66,28.5,12,7,92,14,34,15,7,93,6
1149,24,24,N,Fernando,X2,lshd,l,shd,0,NA,NA,NA,NA,NA,NA,NA,NA,NA,NA
1150,24,24,S,Fernando,X2,lshd,l,shd,0,NA,NA,NA,NA,NA,NA,NA,NA,NA,NA
1151,24,24,E,Fernando,X2,lshd,l,shd,0,NA,NA,NA,NA,NA,NA,NA,NA,NA,NA
1152,24,24,W,Fernando,X2,lshd,l,shd,0,NA,NA,NA,NA,NA,NA,NA,NA,NA,NA
1153,25,25,N,Fernando,X2,lshd,l,shd,0,31.5,13,6,42,9,45,19,6,24,12
1154,25,25,S,Fernando,X2,lshd,l,shd,0,26,11,6,72,10,38,15,7,28,7
1155,25,25,E,Fernando,X2,lshd,l,shd,0,30.5,12,7,77,9,36,15,7,38,7
1156,25,25,W,Fernando,X2,lshd,l,shd,0,40,15,11,126,10,39.5,16,10,79,8
1157,26,26,N,Fernando,X2,lshd,l,shd,66,NA,NA,NA,NA,NA,NA,NA,NA,NA,NA
1158,26,26,S,Fernando,X2,lshd,l,shd,66,NA,NA,NA,NA,NA,NA,NA,NA,NA,NA
1159,26,26,E,Fernando,X2,lshd,l,shd,66,NA,NA,NA,NA,NA,NA,NA,NA,NA,NA
1160,26,26,W,Fernando,X2,lshd,l,shd,66,NA,NA,NA,NA,NA,NA,NA,NA,NA,NA
1161,27,27,N,Fernando,X2,lshd,l,shd,0,43,14,9,131,13,53,20,9,112,16
1162,27,27,S,Fernando,X2,lshd,l,shd,0,45,16,10,131,13,54,21,13,98,15
1163,27,27,E,Fernando,X2,lshd,l,shd,0,38.5,13,8,106,16,51,19,9,93,24
1164,27,27,W,Fernando,X2,lshd,l,shd,0,37,13,7,50,14,54.5,18,7,43,14
1165,28,28,N,Fernando,X2,lshd,l,shd,0,24.5,8,4,71,11,35,13,5,37,10
1166,28,28,S,Fernando,X2,lshd,l,shd,0,29.5,11,4,82,11,32,13,4,54,11
1167,28,28,E,Fernando,X2,lshd,l,shd,0,30.5,11,7,104,11,44,16,7,70,14
1168,28,28,W,Fernando,X2,lshd,l,shd,0,30.5,11,6,70,9,40,10,6,40,6
1169,29,29,N,Fernando,X2,lshd,l,shd,66,45.5,14,10,181,17,46.5,15,10,81,12
1170,29,29,S,Fernando,X2,lshd,l,shd,66,49.5,15,9,190,14,49,17,9,105,6
1171,29,29,E,Fernando,X2,lshd,l,shd,66,42,15,9,185,12,42.5,16,9,72,12
1172,29,29,W,Fernando,X2,lshd,l,shd,66,50.5,16,10,170,21,52,18,10,90,21
1173,30,30,N,Fernando,X2,lshd,l,shd,0,30,11,7,30,13,32,12,7,17,7
1174,30,30,S,Fernando,X2,lshd,l,shd,0,27,10,5,53,8,42,15,5,51,16
1175,30,30,E,Fernando,X2,lshd,l,shd,0,33,12,7,53,11,34,12,5,52,8
1176,30,30,W,Fernando,X2,lshd,l,shd,0,28.5,11,6,48,13,32,12,6,35,11
1177,31,31,N,Fernando,X2,lshd,l,shd,0,NA,NA,NA,NA,NA,NA,NA,NA,NA,NA
1178,31,31,S,Fernando,X2,lshd,l,shd,0,NA,NA,NA,NA,NA,NA,NA,NA,NA,NA
1179,31,31,E,Fernando,X2,lshd,l,shd,0,NA,NA,NA,NA,NA,NA,NA,NA,NA,NA
1180,31,31,W,Fernando,X2,lshd,l,shd,0,NA,NA,NA,NA,NA,NA,NA,NA,NA,NA
1181,32,32,N,Fernando,X2,lshd,l,shd,66,27.5,7,6,30,2,28,8,0,0,0
1182,32,32,S,Fernando,X2,lshd,l,shd,66,30,9,7,68,8,30,10,7,12,0
1183,32,32,E,Fernando,X2,lshd,l,shd,66,33.5,11,6,74,7,32,9,1,1,0
1184,32,32,W,Fernando,X2,lshd,l,shd,66,37.5,12,9,76,6,39,13,6,8,2
1185,33,33,N,Fernando,X2,lshd,l,shd,66,36.5,16,11,159,11,37,16,10,53,0
1186,33,33,S,Fernando,X2,lshd,l,shd,66,42,16,10,142,8,49.5,20,9,95,1
1187,33,33,E,Fernando,X2,lshd,l,shd,66,39,15,10,199,10,40.5,16,10,72,7
1188,33,33,W,Fernando,X2,lshd,l,shd,66,35,14,9,148,13,37,16,9,59,6
1189,34,34,N,Fernando,X2,lshd,l,shd,0,33,16,9,84,6,35,16,11,60,4
1190,34,34,S,Fernando,X2,lshd,l,shd,0,30,12,8,44,10,29.5,12,8,39,7
1191,34,34,E,Fernando,X2,lshd,l,shd,0,31,12,8,65,7,31,14,9,56,4
1192,34,34,W,Fernando,X2,lshd,l,shd,0,38,14,8,70,16,42,16,8,52,16
1193,35,35,N,Fernando,X2,lshd,l,shd,33,50,16,10,172,16,49,17,10,111,12
1194,35,35,S,Fernando,X2,lshd,l,shd,33,44,14,9,112,15,48,16,9,96,11
1195,35,35,E,Fernando,X2,lshd,l,shd,33,48.5,15,10,146,12,52,17,10,105,13
1196,35,35,W,Fernando,X2,lshd,l,shd,33,49,16,11,124,14,51,18,12,74,12
1197,36,36,N,Fernando,X2,lshd,l,shd,33,33.5,14,9,112,9,32,14,9,54,0
1198,36,36,S,Fernando,X2,lshd,l,shd,33,42,17,12,143,14,42.5,18,10,60,0
1199,36,36,E,Fernando,X2,lshd,l,shd,33,42.5,16,10,135,9,44,18,11,97,2
1200,36,36,W,Fernando,X2,lshd,l,shd,33,40,16,12,135,11,39,17,11,63,0
1201,37,37,N,Fernando,X2,lshd,l,shd,33,40,14,9,116,9,40,15,9,69,8
1202,37,37,S,Fernando,X2,lshd,l,shd,33,37,16,9,81,13,48,18,7,68,12
1203,37,37,E,Fernando,X2,lshd,l,shd,33,40,17,11,65,11,31,13,8,32,7
1204,37,37,W,Fernando,X2,lshd,l,shd,33,36.5,13,7,64,12,40,15,7,64,16
1205,38,38,N,Fernando,X2,lshd,l,shd,33,38,15,9,168,12,44,18,9,122,10
1206,38,38,S,Fernando,X2,lshd,l,shd,33,41,16,11,142,14,41.5,17,10,125,4
1207,38,38,E,Fernando,X2,lshd,l,shd,33,38,15,10,117,11,39.5,17,10,100,3
1208,38,38,W,Fernando,X2,lshd,l,shd,33,38.5,15,10,139,14,42,19,10,139,6
1209,39,39,N,Fernando,X2,lshd,l,shd,33,NA,NA,NA,NA,NA,NA,NA,NA,NA,NA
1210,39,39,S,Fernando,X2,lshd,l,shd,33,NA,NA,NA,NA,NA,NA,NA,NA,NA,NA
1211,39,39,E,Fernando,X2,lshd,l,shd,33,NA,NA,NA,NA,NA,NA,NA,NA,NA,NA
1212,39,39,W,Fernando,X2,lshd,l,shd,33,NA,NA,NA,NA,NA,NA,NA,NA,NA,NA
1213,40,40,N,Fernando,X2,lshd,l,shd,33,NA,NA,NA,NA,NA,NA,NA,NA,NA,NA
1214,40,40,S,Fernando,X2,lshd,l,shd,33,NA,NA,NA,NA,NA,NA,NA,NA,NA,NA
1215,40,40,E,Fernando,X2,lshd,l,shd,33,NA,NA,NA,NA,NA,NA,NA,NA,NA,NA
1216,40,40,W,Fernando,X2,lshd,l,shd,33,NA,NA,NA,NA,NA,NA,NA,NA,NA,NA
1217,41,41,N,Fernando,X2,lshd,l,shd,0,38.5,15,9,121,9,48,18,9,89,0
1218,41,41,S,Fernando,X2,lshd,l,shd,0,35.5,14,9,93,13,35.5,15,8,84,11
1219,41,41,E,Fernando,X2,lshd,l,shd,0,42.5,16,11,89,13,50,21,12,70,8
1220,41,41,W,Fernando,X2,lshd,l,shd,0,38.5,15,9,89,13,42,16,8,75,8
1221,42,42,N,Fernando,X2,lshd,l,shd,0,29.5,11,4,34,7,37,15,3,29,7
1222,42,42,S,Fernando,X2,lshd,l,shd,0,30,9,6,41,6,29,10,6,34,4
1223,42,42,E,Fernando,X2,lshd,l,shd,0,36,12,8,48,11,45,16,7,36,13
1224,42,42,W,Fernando,X2,lshd,l,shd,0,39,13,7,69,11,36,11,6,50,3
1225,43,43,N,Fernando,X2,lshd,l,shd,66,36,14,9,103,10,37,16,8,64,8
1226,43,43,S,Fernando,X2,lshd,l,shd,66,33.5,15,10,86,8,34,15,6,17,2
1227,43,43,E,Fernando,X2,lshd,l,shd,66,39,15,11,154,12,37.5,15,11,102,7
1228,43,43,W,Fernando,X2,lshd,l,shd,66,43,15,11,234,15,42,17,11,83,0
1229,44,44,N,Fernando,X2,lshd,l,shd,0,31,13,7,46,10,31,14,7,58,0
1230,44,44,S,Fernando,X2,lshd,l,shd,0,27.5,13,9,86,7,29,14,9,49,6
1231,44,44,E,Fernando,X2,lshd,l,shd,0,29,14,8,81,11,30,14,8,58,0
1232,44,44,W,Fernando,X2,lshd,l,shd,0,25,12,6,47,8,30,14,6,35,11
1233,45,45,N,Fernando,X3,lsun,l,sun,66,35,14,10,92,7,35,15,7,53,3
1234,45,45,S,Fernando,X3,lsun,l,sun,66,35,16,11,154,12,35,17,10,66,0
1235,45,45,E,Fernando,X3,lsun,l,sun,66,26,12,7,96,4,29,17,7,22,0
1236,45,45,W,Fernando,X3,lsun,l,sun,66,36,15,9,86,13,36.5,14,8,59,2
1237,46,46,N,Fernando,X3,lsun,l,sun,66,44,17,11,83,15,46,18,10,62,12
1238,46,46,S,Fernando,X3,lsun,l,sun,66,31,13,7,116,18,50,17,7,72,10
1239,46,46,E,Fernando,X3,lsun,l,sun,66,30.5,12,7,116,16,34,15,7,59,4
1240,46,46,W,Fernando,X3,lsun,l,sun,66,35,12,7,80,15,34.5,15,6,26,12
1241,47,47,N,Fernando,X3,lsun,l,sun,0,NA,NA,NA,NA,NA,NA,NA,NA,NA,NA
1242,47,47,S,Fernando,X3,lsun,l,sun,0,NA,NA,NA,NA,NA,NA,NA,NA,NA,NA
1243,47,47,E,Fernando,X3,lsun,l,sun,0,NA,NA,NA,NA,NA,NA,NA,NA,NA,NA
1244,47,47,W,Fernando,X3,lsun,l,sun,0,NA,NA,NA,NA,NA,NA,NA,NA,NA,NA
1245,48,48,N,Fernando,X3,lsun,l,sun,33,NA,NA,NA,NA,NA,NA,NA,NA,NA,NA
1246,48,48,S,Fernando,X3,lsun,l,sun,33,NA,NA,NA,NA,NA,NA,NA,NA,NA,NA
1247,48,48,E,Fernando,X3,lsun,l,sun,33,NA,NA,NA,NA,NA,NA,NA,NA,NA,NA
1248,48,48,W,Fernando,X3,lsun,l,sun,33,NA,NA,NA,NA,NA,NA,NA,NA,NA,NA
1249,49,49,N,Fernando,X3,lsun,l,sun,66,37,16,11,110,10,36.5,16,11,62,0
1250,49,49,S,Fernando,X3,lsun,l,sun,66,38,15,10,130,18,38,16,10,69,2
1251,49,49,E,Fernando,X3,lsun,l,sun,66,34.5,14,9,95,13,35,16,8,37,5
1252,49,49,W,Fernando,X3,lsun,l,sun,66,31.5,14,9,105,10,31,14,9,66,0
1253,50,50,N,Fernando,X3,lsun,l,sun,0,30,10,3,34,12,31,10,3,23,7
1254,50,50,S,Fernando,X3,lsun,l,sun,0,20.5,7,1,7,13,44,14,1,6,22
1255,50,50,E,Fernando,X3,lsun,l,sun,0,35,11,6,45,11,44,15,7,39,13
1256,50,50,W,Fernando,X3,lsun,l,sun,0,30,11,4,6,13,50,17,2,2,17
1257,51,51,N,Fernando,X3,lsun,l,sun,0,39,13,6,29,10,55,19,6,27,15
1258,51,51,S,Fernando,X3,lsun,l,sun,0,36,13,6,28,9,43,14,6,22,13
1259,51,51,E,Fernando,X3,lsun,l,sun,0,44,16,9,56,12,50,21,9,37,19
1260,51,51,W,Fernando,X3,lsun,l,sun,0,38,12,6,41,11,50,17,7,35,16
1261,52,52,N,Fernando,X3,lsun,l,sun,33,34,13,7,46,12,43.5,17,7,56,16
1262,52,52,S,Fernando,X3,lsun,l,sun,33,38,14,9,59,17,48,19,9,76,20
1263,52,52,E,Fernando,X3,lsun,l,sun,33,28,11,6,48,11,46,14,6,37,14
1264,52,52,W,Fernando,X3,lsun,l,sun,33,31,12,6,44,14,42,18,6,27,14
1265,53,53,N,Fernando,X3,lsun,l,sun,66,35.5,12,6,NA,16,41,15,6,47,14
1266,53,53,S,Fernando,X3,lsun,l,sun,66,36,12,6,36,11,40,16,6,34,11
1267,53,53,E,Fernando,X3,lsun,l,sun,66,37,11,5,49,10,46,16,5,56,14
1268,53,53,W,Fernando,X3,lsun,l,sun,66,26.5,7,2,15,12,36,10,2,16,15
1269,54,54,N,Fernando,X3,lsun,l,sun,33,33,10,5,32,13,47,13,4,25,23
1270,54,54,S,Fernando,X3,lsun,l,sun,33,39.5,13,7,57,18,43.5,14,7,45,19
1271,54,54,E,Fernando,X3,lsun,l,sun,33,39,13,6,50,17,43,16,6,36,14
1272,54,54,W,Fernando,X3,lsun,l,sun,33,50,13,8,53,16,59,17,5,15,12
1273,55,55,N,Fernando,X3,lsun,l,sun,0,36.5,15,6,147,13,44,18,9,90,9
1274,55,55,S,Fernando,X3,lsun,l,sun,0,25,10,4,39,15,34.5,15,4,30,18
1275,55,55,E,Fernando,X3,lsun,l,sun,0,39.5,16,10,155,11,42,18,11,89,4
1276,55,55,W,Fernando,X3,lsun,l,sun,0,21,8,3,13,16,28,12,3,12,17
1277,56,56,N,Fernando,X3,lsun,l,sun,0,31,13,9,106,14,33,17,10,68,5
1278,56,56,S,Fernando,X3,lsun,l,sun,0,22,13,7,57,12,26,15,5,31,8
1279,56,56,E,Fernando,X3,lsun,l,sun,0,29,15,9,143,11,29,15,9,81,2
1280,56,56,W,Fernando,X3,lsun,l,sun,0,24,13,7,39,13,25,14,6,23,3
1281,57,57,N,Fernando,X3,lsun,l,sun,0,28,13,8,76,11,33,15,7,76,10
1282,57,57,S,Fernando,X3,lsun,l,sun,0,30,14,9,94,11,31,15,8,64,6
1283,57,57,E,Fernando,X3,lsun,l,sun,0,30.5,14,9,106,8,36,18,9,70,12
1284,57,57,W,Fernando,X3,lsun,l,sun,0,36,16,10,147,19,40,18,10,123,11
1285,58,58,N,Fernando,X3,lsun,l,sun,66,30,12,7,69,10,30,13,7,56,8
1286,58,58,S,Fernando,X3,lsun,l,sun,66,27.5,12,7,67,14,36,16,7,71,11
1287,58,58,E,Fernando,X3,lsun,l,sun,66,28,13,6,72,15,31,15,5,57,14
1288,58,58,W,Fernando,X3,lsun,l,sun,66,26.5,13,9,132,9,28,15,8,52,7
1289,59,59,N,Fernando,X3,lsun,l,sun,33,41,12,8,52,9,47,14,8,50,8
1290,59,59,S,Fernando,X3,lsun,l,sun,33,38,14,7,78,12,41,16,7,84,13
1291,59,59,E,Fernando,X3,lsun,l,sun,33,33,13,7,78,11,37,14,7,80,9
1292,59,59,W,Fernando,X3,lsun,l,sun,33,40,13,6,86,13,49,17,6,70,9
1293,60,60,N,Fernando,X3,lsun,l,sun,0,34,14,8,78,13,36.5,16,8,78,12
1294,60,60,S,Fernando,X3,lsun,l,sun,0,30,12,7,70,12,73.5,16,7,70,15
1295,60,60,E,Fernando,X3,lsun,l,sun,0,30.5,13,8,66,8,40,17,7,58,11
1296,60,60,W,Fernando,X3,lsun,l,sun,0,37,15,9,83,14,40,18,9,76,6
1297,61,61,N,Fernando,X3,lsun,l,sun,0,45,16,11,201,12,47.5,19,11,159,10
1298,61,61,S,Fernando,X3,lsun,l,sun,0,43.5,16,10,153,15,42,16,9,90,8
1299,61,61,E,Fernando,X3,lsun,l,sun,0,24.5,10,8,94,3,25,11,6,39,0
1300,61,61,W,Fernando,X3,lsun,l,sun,0,44.5,15,10,200,17,49,17,10,123,10
1301,62,62,N,Fernando,X3,lsun,l,sun,33,31.5,13,6,54,14,39,16,6,47,17
1302,62,62,S,Fernando,X3,lsun,l,sun,33,23,9,5,62,11,31,13,5,50,17
1303,62,62,E,Fernando,X3,lsun,l,sun,33,38,16,9,73,8,43,19,8,45,6
1304,62,62,W,Fernando,X3,lsun,l,sun,33,19,9,3,19,12,21,9,3,16,0
1305,63,63,N,Fernando,X3,lsun,l,sun,33,40,15,9,89,13,44,18,9,74,16
1306,63,63,S,Fernando,X3,lsun,l,sun,33,27,13,7,69,10,27,13,8,31,0
1307,63,63,E,Fernando,X3,lsun,l,sun,33,25,11,6,68,8,26.5,13,6,37,0
1308,63,63,W,Fernando,X3,lsun,l,sun,33,16.5,10,4,22,9,22,14,10,18,8
1309,64,64,N,Fernando,X3,lsun,l,sun,66,30,12,9,137,12,NA,NA,NA,NA,NA
1310,64,64,S,Fernando,X3,lsun,l,sun,66,40,15,10,101,11,45,19,6,26,8
1311,64,64,E,Fernando,X3,lsun,l,sun,66,38,14,11,216,NA,38,17,12,102,5
1312,64,64,W,Fernando,X3,lsun,l,sun,66,36,15,10,160,10,38,18,10,87,9
1313,65,65,N,Fernando,X3,lsun,l,sun,0,32,13,8,115,10,47,19,8,73,9
1314,65,65,S,Fernando,X3,lsun,l,sun,0,39,14,9,127,14,46,18,9,106,15
1315,65,65,E,Fernando,X3,lsun,l,sun,0,44,15,8,60,17,47,17,8,48,17
1316,65,65,W,Fernando,X3,lsun,l,sun,0,31,13,7,78,15,35,16,6,53,15
1317,66,66,N,Fernando,X3,lsun,l,sun,0,27.5,12,9,118,9,29,12,8,81,3
1318,66,66,S,Fernando,X3,lsun,l,sun,0,27,13,9,66,12,23,11,9,56,1
1319,66,66,E,Fernando,X3,lsun,l,sun,0,32,15,9,105,12,33,16,8,86,2
1320,66,66,W,Fernando,X3,lsun,l,sun,0,18,9,6,60,2,18,9,6,47,2
1321,67,67,N,Fernando,X4,hsun,h,sun,0,25.5,12,2,3,9,42,19,1,1,21
1322,67,67,S,Fernando,X4,hsun,h,sun,0,41,13,5,15,20,43,13,5,10,17
1323,67,67,E,Fernando,X4,hsun,h,sun,0,33.5,14,8,20,11,50,23,6,8,16
1324,67,67,W,Fernando,X4,hsun,h,sun,0,41,19,13,31,11,55,26,9,22,13
1325,68,68,N,Fernando,X4,hsun,h,sun,0,32,14,9,110,11,39,16,9,76,15
1326,68,68,S,Fernando,X4,hsun,h,sun,0,29,13,9,114,9,31,13,9,66,0
1327,68,68,E,Fernando,X4,hsun,h,sun,0,31.5,13,8,76,9,35.5,18,7,44,9
1328,68,68,W,Fernando,X4,hsun,h,sun,0,36,14,10,107,11,37,12,10,66,8
1329,69,69,N,Fernando,X4,hsun,h,sun,33,40,16,10,25,15,46,20,10,23,14
1330,69,69,S,Fernando,X4,hsun,h,sun,33,38,15,9,78,14,42,19,8,71,12
1331,69,69,E,Fernando,X4,hsun,h,sun,33,35.5,12,6,55,19,35.5,13,6,51,14
1332,69,69,W,Fernando,X4,hsun,h,sun,33,37,16,9,36,17,47,19,8,31,17
1333,70,70,N,Fernando,X4,hsun,h,sun,66,23.5,13,7,44,15,26,15,4,14,0
1334,70,70,S,Fernando,X4,hsun,h,sun,66,20.5,9,5,59,11,23,11,4,31,7
1335,70,70,E,Fernando,X4,hsun,h,sun,66,28,13,8,134,8,28,14,9,41,4
1336,70,70,W,Fernando,X4,hsun,h,sun,66,32.5,16,10,87,16,36,18,8,57,6
1337,71,71,N,Fernando,X4,hsun,h,sun,33,29,13,8,109,7,29,13,8,34,2
1338,71,71,S,Fernando,X4,hsun,h,sun,33,29.5,13,5,68,13,29.5,13,5,38,10
1339,71,71,E,Fernando,X4,hsun,h,sun,33,36,16,11,197,13,28,11,7,63,0
1340,71,71,W,Fernando,X4,hsun,h,sun,33,37,14,10,173,19,38,15,9,75,6
1341,72,72,N,Fernando,X4,hsun,h,sun,66,26.5,11,6,83,14,32,13,6,59,12
1342,72,72,S,Fernando,X4,hsun,h,sun,66,29.5,16,9,76,14,31,13,7,48,12
1343,72,72,E,Fernando,X4,hsun,h,sun,66,21.5,10,7,80,11,22,11,6,47,9
1344,72,72,W,Fernando,X4,hsun,h,sun,66,33,14,9,90,12,33,17,10,51,6
1345,73,73,N,Fernando,X4,hsun,h,sun,0,25.5,9,3,43,15,32,13,4,38,14
1346,73,73,S,Fernando,X4,hsun,h,sun,0,41,14,8,81,20,45.5,16,8,61,13
1347,73,73,E,Fernando,X4,hsun,h,sun,0,33,13,6,78,17,39,15,6,61,15
1348,73,73,W,Fernando,X4,hsun,h,sun,0,35.5,14,7,62,16,34,14,7,47,14
1349,74,74,N,Fernando,X4,hsun,h,sun,66,37.5,16,10,152,15,37,18,10,97,9
1350,74,74,S,Fernando,X4,hsun,h,sun,66,35,15,10,203,14,36,17,10,106,4
1351,74,74,E,Fernando,X4,hsun,h,sun,66,35,15,9,126,14,38,15,9,69,6
1352,74,74,W,Fernando,X4,hsun,h,sun,66,30.5,14,8,72,12,32,16,3,34,11
1353,75,75,N,Fernando,X4,hsun,h,sun,0,32,15,8,100,14,32,15,9,63,11
1354,75,75,S,Fernando,X4,hsun,h,sun,0,38,16,11,136,15,49,20,11,92,14
1355,75,75,E,Fernando,X4,hsun,h,sun,0,33,15,10,116,10,33.5,15,9,68,0
1356,75,75,W,Fernando,X4,hsun,h,sun,0,39,15,10,145,13,40.5,19,12,89,8
1357,76,76,N,Fernando,X4,hsun,h,sun,33,40,17,11,79,15,44,18,11,71,13
1358,76,76,S,Fernando,X4,hsun,h,sun,33,27.5,11,8,66,10,28,12,7,62,8
1359,76,76,E,Fernando,X4,hsun,h,sun,33,35,14,9,95,13,35,15,9,76,10
1360,76,76,W,Fernando,X4,hsun,h,sun,33,39.5,16,10,112,14,42.5,17,10,87,7
1361,77,77,N,Fernando,X4,hsun,h,sun,33,28,9,5,22,9,47,17,4,17,20
1362,77,77,S,Fernando,X4,hsun,h,sun,33,49.5,15,7,20,11,67,22,5,15,18
1363,77,77,E,Fernando,X4,hsun,h,sun,33,32.5,12,6,41,11,44.5,17,6,42,17
1364,77,77,W,Fernando,X4,hsun,h,sun,33,38.5,13,6,37,17,49,16,6,37,17
1365,78,78,N,Fernando,X4,hsun,h,sun,0,25,11,4,7,8,32.5,17,3,3,10
1366,78,78,S,Fernando,X4,hsun,h,sun,0,25,14,3,7,6,40,20,1,2,17
1367,78,78,E,Fernando,X4,hsun,h,sun,0,28,13,4,13,8,40,19,3,7,15
1368,78,78,W,Fernando,X4,hsun,h,sun,0,38,18,10,84,12,33,14,7,54,2
1369,79,79,N,Fernando,X4,hsun,h,sun,0,34,15,10,122,13,38,18,8,82,9
1370,79,79,S,Fernando,X4,hsun,h,sun,0,33,14,8,91,15,35.5,15,8,78,9
1371,79,79,E,Fernando,X4,hsun,h,sun,0,32,13,7,60,14,37,16,7,52,12
1372,79,79,W,Fernando,X4,hsun,h,sun,0,27,12,7,57,17,31,15,7,44,10
1373,80,80,N,Fernando,X4,hsun,h,sun,66,26.5,12,8,112,13,25.5,14,7,67,2
1374,80,80,S,Fernando,X4,hsun,h,sun,66,32,15,10,139,18,35,18,10,88,8
1375,80,80,E,Fernando,X4,hsun,h,sun,66,24,9,7,112,2,24,11,5,11,0
1376,80,80,W,Fernando,X4,hsun,h,sun,66,29.5,14,7,73,19,33.5,16,8,60,19
1377,81,81,N,Fernando,X4,hsun,h,sun,0,38,15,9,81,12,37,15,8,74,9
1378,81,81,S,Fernando,X4,hsun,h,sun,0,30.5,14,8,116,11,33,17,8,80,5
1379,81,81,E,Fernando,X4,hsun,h,sun,0,34.5,15,9,117,13,41,19,9,90,13
1380,81,81,W,Fernando,X4,hsun,h,sun,0,35.5,15,9,88,11,36,15,9,60,4
1381,82,82,N,Fernando,X4,hsun,h,sun,66,33.5,15,8,70,16,38,19,8,53,11
1382,82,82,S,Fernando,X4,hsun,h,sun,66,38.5,14,6,55,17,45,19,8,53,11
1383,82,82,E,Fernando,X4,hsun,h,sun,66,34,14,8,72,15,25,8,6,40,0
1384,82,82,W,Fernando,X4,hsun,h,sun,66,31.5,13,7,69,11,35,17,7,47,4
1385,83,83,N,Fernando,X4,hsun,h,sun,33,38,15,5,155,16,40,17,10,109,0
1386,83,83,S,Fernando,X4,hsun,h,sun,33,40,16,10,105,19,41.5,17,9,100,18
1387,83,83,E,Fernando,X4,hsun,h,sun,33,42,18,12,133,25,43,18,12,114,15
1388,83,83,W,Fernando,X4,hsun,h,sun,33,30,13,7,71,18,31,14,7,62,3
1389,84,84,N,Fernando,X4,hsun,h,sun,0,25.5,9,6,51,6,29,12,6,36,10
1390,84,84,S,Fernando,X4,hsun,h,sun,0,39.5,13,9,136,17,39.5,14,9,94,10
1391,84,84,E,Fernando,X4,hsun,h,sun,0,24.5,10,7,65,6,23.5,11,7,32,0
1392,84,84,W,Fernando,X4,hsun,h,sun,0,40,15,10,123,15,43,18,11,93,11
1393,85,85,N,Fernando,X4,hsun,h,sun,33,33,13,9,132,14,34,14,8,105,8
1394,85,85,S,Fernando,X4,hsun,h,sun,33,30,13,8,125,9,32,13,8,99,6
1395,85,85,E,Fernando,X4,hsun,h,sun,33,29,13,10,118,6,29,12,8,41,1
1396,85,85,W,Fernando,X4,hsun,h,sun,33,30.5,14,8,127,16,31,14,8,98,10
1397,86,86,N,Fernando,X4,hsun,h,sun,0,39.5,16,10,64,12,42,18,1,65,7
1398,86,86,S,Fernando,X4,hsun,h,sun,0,37,17,10,113,13,39,18,10,85,3
1399,86,86,E,Fernando,X4,hsun,h,sun,0,35,15,8,118,9,35,16,7,67,9
1400,86,86,W,Fernando,X4,hsun,h,sun,0,37,15,10,152,14,39,17,10,117,8
1401,87,87,N,Fernando,X4,hsun,h,sun,66,34,15,8,131,13,34,15,8,78,10
1402,87,87,S,Fernando,X4,hsun,h,sun,66,30,14,9,84,15,30,12,7,61,2
1403,87,87,E,Fernando,X4,hsun,h,sun,66,34,15,9,112,13,34,14,8,81,6
1404,87,87,W,Fernando,X4,hsun,h,sun,66,35,14,9,93,15,36,16,9,79,10
1405,88,88,N,Fernando,X4,hsun,h,sun,0,NA,NA,NA,NA,NA,NA,NA,NA,NA,NA
1406,88,88,S,Fernando,X4,hsun,h,sun,0,NA,NA,NA,NA,NA,NA,NA,NA,NA,NA
1407,88,88,E,Fernando,X4,hsun,h,sun,0,NA,NA,NA,NA,NA,NA,NA,NA,NA,NA
1408,88,88,W,Fernando,X4,hsun,h,sun,0,NA,NA,NA,NA,NA,NA,NA,NA,NA,NA
1409,89,1,N,Miguel,X5,hshd,h,shd,0,29.5,11,5,29,10,37.5,15,5,15,10
1410,89,1,S,Miguel,X5,hshd,h,shd,0,33,12,8,74,11,34,13,8,39,4
1411,89,1,E,Miguel,X5,hshd,h,shd,0,29.5,12,8,69,9,32,13,7,40,7
1412,89,1,W,Miguel,X5,hshd,h,shd,0,31,11,8,89,12,38,12,7,51,12
1413,90,2,N,Miguel,X5,hshd,h,shd,33,23.5,13,2,5,9,27,15,2,4,8
1414,90,2,S,Miguel,X5,hshd,h,shd,33,28,14,7,39,11,32,16,7,17,11
1415,90,2,E,Miguel,X5,hshd,h,shd,33,23.5,10,6,67,10,24,4,5,45,2
1416,90,2,W,Miguel,X5,hshd,h,shd,33,28.5,12,7,36,12,33,15,7,29,5
1417,91,3,N,Miguel,X5,hshd,h,shd,66,40,15,9,113,15,57,21,9,80,18
1418,91,3,S,Miguel,X5,hshd,h,shd,66,33,12,7,67,13,32.5,12,6,42,8
1419,91,3,E,Miguel,X5,hshd,h,shd,66,38,13,8,105,18,43.5,15,8,93,15
1420,91,3,W,Miguel,X5,hshd,h,shd,66,38.5,14,9,111,17,42,15,8,74,13
1421,92,4,N,Miguel,X5,hshd,h,shd,66,40,13,8,120,19,52,16,9,107,8
1422,92,4,S,Miguel,X5,hshd,h,shd,66,39,13,10,173,19,40.5,15,8,42,10
1423,92,4,E,Miguel,X5,hshd,h,shd,66,33.5,12,7,75,13,34.5,15,6,15,10
1424,92,4,W,Miguel,X5,hshd,h,shd,66,42,16,10,173,23,46.5,17,10,114,11
1425,93,5,N,Miguel,X5,hshd,h,shd,66,20.5,10,5,38,8,21,11,4,14,8
1426,93,5,S,Miguel,X5,hshd,h,shd,66,21,11,5,34,10,21,11,4,20,8
1427,93,5,E,Miguel,X5,hshd,h,shd,66,26,11,5,53,15,25,15,3,21,10
1428,93,5,W,Miguel,X5,hshd,h,shd,66,27,12,7,53,11,30,17,7,30,9
1429,94,6,N,Miguel,X5,hshd,h,shd,66,39,13,5,33,20,37.5,14,5,19,13
1430,94,6,S,Miguel,X5,hshd,h,shd,66,36,13,6,42,14,45.5,17,5,26,14
1431,94,6,E,Miguel,X5,hshd,h,shd,66,33,11,6,28,25,34,10,4,13,7
1432,94,6,W,Miguel,X5,hshd,h,shd,66,25.5,11,8,77,7,37,14,6,63,9
1433,95,7,N,Miguel,X5,hshd,h,shd,0,22.5,8,2,18,9,23,9,2,12,10
1434,95,7,S,Miguel,X5,hshd,h,shd,0,44,12,4,14,18,58.5,17,4,7,15
1435,95,7,E,Miguel,X5,hshd,h,shd,0,37,12,4,24,15,44,15,4,16,15
1436,95,7,W,Miguel,X5,hshd,h,shd,0,27,10,3,12,10,20.5,10,4,16,5
1437,96,8,N,Miguel,X5,hshd,h,shd,0,30,13,9,129,12,41,18,9,88,14
1438,96,8,S,Miguel,X5,hshd,h,shd,0,29,11,8,108,13,31,13,5,70,11
1439,96,8,E,Miguel,X5,hshd,h,shd,0,26.5,13,8,76,9,30,14,7,17,0
1440,96,8,W,Miguel,X5,hshd,h,shd,0,19.5,8,4,48,9,14.5,9,4,28,7
1441,97,9,N,Miguel,X5,hshd,h,shd,66,28,12,8,159,16,33.5,13,8,72,8
1442,97,9,S,Miguel,X5,hshd,h,shd,66,30,10,4,30,14,46,15,4,14,14
1443,97,9,E,Miguel,X5,hshd,h,shd,66,34.5,15,9,129,21,39,17,7,45,17
1444,97,9,W,Miguel,X5,hshd,h,shd,66,29.5,13,10,87,15,27,12,6,41,8
1445,98,10,N,Miguel,X5,hshd,h,shd,0,31,11,6,76,19,46,16,6,45,25
1446,98,10,S,Miguel,X5,hshd,h,shd,0,34,11,7,64,16,35,11,6,39,12
1447,98,10,E,Miguel,X5,hshd,h,shd,0,35.5,12,7,116,21,48.5,15,7,80,23
1448,98,10,W,Miguel,X5,hshd,h,shd,0,29.5,9,8,59,10,31,10,6,19,9
1449,99,11,N,Miguel,X5,hshd,h,shd,33,29.5,12,8,71,14,43.5,17,4,8,17
1450,99,11,S,Miguel,X5,hshd,h,shd,33,24,8,5,53,14,27,9,4,10,4
1451,99,11,E,Miguel,X5,hshd,h,shd,33,33,14,9,133,10,46,19,8,52,15
1452,99,11,W,Miguel,X5,hshd,h,shd,33,31,12,8,81,16,31.5,13,3,6,0
1453,100,12,N,Miguel,X5,hshd,h,shd,33,29.5,12,7,79,15,38,15,5,38,19
1454,100,12,S,Miguel,X5,hshd,h,shd,33,25.5,10,7,81,13,29,12,7,57,12
1455,100,12,E,Miguel,X5,hshd,h,shd,33,24.5,11,8,47,9,26,11,6,28,9
1456,100,12,W,Miguel,X5,hshd,h,shd,33,25.5,11,8,58,13,32,14,7,38,16
1457,101,13,N,Miguel,X5,hshd,h,shd,0,27,13,8,105,15,34,16,8,57,17
1458,101,13,S,Miguel,X5,hshd,h,shd,0,22.5,9,5,78,12,32,12,5,61,13
1459,101,13,E,Miguel,X5,hshd,h,shd,0,28,11,7,102,9,35,14,7,63,12
1460,101,13,W,Miguel,X5,hshd,h,shd,0,21.5,12,7,68,12,18,9,6,34,2
1461,102,14,N,Miguel,X5,hshd,h,shd,0,27.5,11,6,74,15,30.5,12,6,50,11
1462,102,14,S,Miguel,X5,hshd,h,shd,0,32.5,13,9,116,18,35,14,8,66,13
1463,102,14,E,Miguel,X5,hshd,h,shd,0,21,11,5,36,11,25,10,5,17,13
1464,102,14,W,Miguel,X5,hshd,h,shd,0,32.5,12,7,80,20,34,16,7,34,22
1465,103,15,N,Miguel,X5,hshd,h,shd,33,21,7,4,42,8,25,8,4,12,9
1466,103,15,S,Miguel,X5,hshd,h,shd,33,30.5,10,6,75,14,32,11,7,22,15
1467,103,15,E,Miguel,X5,hshd,h,shd,33,28,10,7,67,12,30,11,6,27,13
1468,103,15,W,Miguel,X5,hshd,h,shd,33,27,10,6,58,15,NA,NA,NA,NA,NA
1469,104,16,N,Miguel,X5,hshd,h,shd,0,35,10,5,48,20,37,10,4,17,15
1470,104,16,S,Miguel,X5,hshd,h,shd,0,30.5,9,3,7,17,34,10,2,3,11
1471,104,16,E,Miguel,X5,hshd,h,shd,0,30.5,10,4,23,11,31,10,4,17,10
1472,104,16,W,Miguel,X5,hshd,h,shd,0,29,13,5,18,15,31.5,13,1,3,10
1473,105,17,N,Miguel,X5,hshd,h,shd,0,27,16,8,31,12,34.5,14,6,14,13
1474,105,17,S,Miguel,X5,hshd,h,shd,0,23,10,7,46,7,28,14,5,24,9
1475,105,17,E,Miguel,X5,hshd,h,shd,0,25,11,6,52,10,27,13,6,42,0
1476,105,17,W,Miguel,X5,hshd,h,shd,0,25,11,7,43,12,32,14,7,27,14
1477,106,18,N,Miguel,X5,hshd,h,shd,66,21,10,6,53,4,26,15,6,13,5
1478,106,18,S,Miguel,X5,hshd,h,shd,66,21,10,3,28,8,26,13,3,17,13
1479,106,18,E,Miguel,X5,hshd,h,shd,66,29.5,11,7,97,8,33,13,6,29,5
1480,106,18,W,Miguel,X5,hshd,h,shd,66,26,11,6,41,10,24.5,12,5,27,8
1481,107,19,N,Miguel,X5,hshd,h,shd,0,17,7,4,19,6,18,8,2,6,5
1482,107,19,S,Miguel,X5,hshd,h,shd,0,31,13,8,143,10,41,16,6,26,8
1483,107,19,E,Miguel,X5,hshd,h,shd,0,31,12,6,65,12,31,11,6,31,3
1484,107,19,W,Miguel,X5,hshd,h,shd,0,41,14,8,161,15,44,13,8,63,14
1485,108,20,N,Miguel,X5,hshd,h,shd,0,19,7,3,15,4,30,10,3,6,9
1486,108,20,S,Miguel,X5,hshd,h,shd,0,29,10,6,55,12,34,13,5,35,10
1487,108,20,E,Miguel,X5,hshd,h,shd,0,25.5,10,3,16,6,34.5,13,3,8,8
1488,108,20,W,Miguel,X5,hshd,h,shd,0,30.5,9,5,41,16,34,11,5,21,10
1489,109,21,N,Miguel,X5,hshd,h,shd,33,32,12,7,44,15,34,12,6,14,7
1490,109,21,S,Miguel,X5,hshd,h,shd,33,30,11,5,41,14,38.5,14,5,21,16
1491,109,21,E,Miguel,X5,hshd,h,shd,33,30.5,12,6,54,12,41.5,15,6,33,13
1492,109,21,W,Miguel,X5,hshd,h,shd,33,31.5,11,6,23,16,38,14,4,11,19
1493,110,22,N,Miguel,X5,hshd,h,shd,33,24,9,4,52,13,28,10,4,20,10
1494,110,22,S,Miguel,X5,hshd,h,shd,33,29,11,6,50,10,35,14,6,22,12
1495,110,22,E,Miguel,X5,hshd,h,shd,33,23,10,5,36,4,33,14,5,8,11
1496,110,22,W,Miguel,X5,hshd,h,shd,33,32,10,5,46,15,38,12,5,25,12
1497,111,23,N,Miguel,X6,lshd,l,shd,0,35,13,6,39,11,20,8,0,0,3
1498,111,23,S,Miguel,X6,lshd,l,shd,0,22,9,5,16,11,28,12,3,8,13
1499,111,23,E,Miguel,X6,lshd,l,shd,0,35,13,6,42,12,39,15,5,12,8
1500,111,23,W,Miguel,X6,lshd,l,shd,0,21.5,9,4,23,16,31,13,2,8,13
1501,112,24,N,Miguel,X6,lshd,l,shd,0,23,9,5,49,14,24,10,3,20,0
1502,112,24,S,Miguel,X6,lshd,l,shd,0,33,13,3,30,14,45.5,19,3,9,14
1503,112,24,E,Miguel,X6,lshd,l,shd,0,32.5,12,6,29,11,43.5,17,5,19,13
1504,112,24,W,Miguel,X6,lshd,l,shd,0,44.5,19,5,36,19,34.5,13,3,17,8
1505,113,25,N,Miguel,X6,lshd,l,shd,0,20,8,1,1,11,22,8,1,1,5
1506,113,25,S,Miguel,X6,lshd,l,shd,0,29,11,3,26,7,31,12,3,12,4
1507,113,25,E,Miguel,X6,lshd,l,shd,0,20,6,3,14,7,21,7,2,5,3
1508,113,25,W,Miguel,X6,lshd,l,shd,0,34.5,14,5,45,17,42,16,5,18,14
1509,114,26,N,Miguel,X6,lshd,l,shd,0,NA,NA,NA,NA,NA,NA,NA,NA,NA,NA
1510,114,26,S,Miguel,X6,lshd,l,shd,0,NA,NA,NA,NA,NA,NA,NA,NA,NA,NA
1511,114,26,E,Miguel,X6,lshd,l,shd,0,NA,NA,NA,NA,NA,NA,NA,NA,NA,NA
1512,114,26,W,Miguel,X6,lshd,l,shd,0,NA,NA,NA,NA,NA,NA,NA,NA,NA,NA
1513,115,27,N,Miguel,X6,lshd,l,shd,0,36,14,9,91,13,44.5,17,8,42,8
1514,115,27,S,Miguel,X6,lshd,l,shd,0,26.5,10,6,89,12,41,15,5,30,15
1515,115,27,E,Miguel,X6,lshd,l,shd,0,29,11,6,36,8,30,12,5,24,8
1516,115,27,W,Miguel,X6,lshd,l,shd,0,18,8,2,11,12,26.5,10,1,1,10
1517,116,28,N,Miguel,X6,lshd,l,shd,33,35,14,9,90,18,45,16,7,36,15
1518,116,28,S,Miguel,X6,lshd,l,shd,33,26,12,7,59,10,33.5,15,4,15,14
1519,116,28,E,Miguel,X6,lshd,l,shd,33,24.5,10,4,29,6,34,14,4,17,10
1520,116,28,W,Miguel,X6,lshd,l,shd,33,14,8,4,29,6,23.5,11,3,4,13
1521,117,29,N,Miguel,X6,lshd,l,shd,0,37.5,11,3,9,21,40,12,1,2,12
1522,117,29,S,Miguel,X6,lshd,l,shd,0,33,10,5,8,11,48,15,2,4,15
1523,117,29,E,Miguel,X6,lshd,l,shd,0,21.5,7,1,3,13,30,11,0,0,15
1524,117,29,W,Miguel,X6,lshd,l,shd,0,35,11,5,11,15,46.5,15,3,7,19
1525,118,30,N,Miguel,X6,lshd,l,shd,0,33,12,4,21,14,46,17,4,10,15
1526,118,30,S,Miguel,X6,lshd,l,shd,0,27.5,12,6,28,18,33,14,6,29,14
1527,118,30,E,Miguel,X6,lshd,l,shd,0,31,12,7,68,13,33,12,7,44,5
1528,118,30,W,Miguel,X6,lshd,l,shd,0,19,11,3,19,8,30,15,3,8,12
1529,119,31,N,Miguel,X6,lshd,l,shd,66,24.5,8,5,45,9,38,15,3,6,14
1530,119,31,S,Miguel,X6,lshd,l,shd,66,27,9,2,6,11,35.5,12,1,1,14
1531,119,31,E,Miguel,X6,lshd,l,shd,66,33,13,8,89,11,38.5,17,8,2,10
1532,119,31,W,Miguel,X6,lshd,l,shd,66,37.5,12,7,53,16,49,16,7,23,19
1533,120,32,N,Miguel,X6,lshd,l,shd,66,37,12,7,33,15,34,11,6,34,3
1534,120,32,S,Miguel,X6,lshd,l,shd,66,32,12,7,50,6,36,13,7,25,5
1535,120,32,E,Miguel,X6,lshd,l,shd,66,28,11,5,32,6,30,11,4,16,4
1536,120,32,W,Miguel,X6,lshd,l,shd,66,35,12,7,77,19,46,16,6,44,10
1537,121,33,N,Miguel,X6,lshd,l,shd,0,31.5,12,4,13,13,31,12,4,11,3
1538,121,33,S,Miguel,X6,lshd,l,shd,0,26.5,11,5,13,10,27,11,5,10,2
1539,121,33,E,Miguel,X6,lshd,l,shd,0,31,12,6,52,11,32,12,7,27,6
1540,121,33,W,Miguel,X6,lshd,l,shd,0,41,14,7,48,14,43,16,7,24,5
1541,122,34,N,Miguel,X6,lshd,l,shd,0,32,9,5,47,13,64.5,16,7,27,19
1542,122,34,S,Miguel,X6,lshd,l,shd,0,37,10,4,11,13,40,11,2,3,3
1543,122,34,E,Miguel,X6,lshd,l,shd,0,46,12,7,22,16,49.5,12,3,4,11
1544,122,34,W,Miguel,X6,lshd,l,shd,0,33,9,5,54,12,36,13,4,6,10
1545,123,35,N,Miguel,X6,lshd,l,shd,33,30,10,5,31,16,38,14,3,13,14
1546,123,35,S,Miguel,X6,lshd,l,shd,33,28,11,6,74,9,34.5,15,6,41,7
1547,123,35,E,Miguel,X6,lshd,l,shd,33,21,7,4,29,5,24,8,5,18,3
1548,123,35,W,Miguel,X6,lshd,l,shd,33,35.5,10,6,69,14,50,16,5,12,15
1549,124,36,N,Miguel,X6,lshd,l,shd,66,21,8,3,14,4,20,4,3,11,2
1550,124,36,S,Miguel,X6,lshd,l,shd,66,21.5,10,6,54,7,32.5,16,3,7,6
1551,124,36,E,Miguel,X6,lshd,l,shd,66,30,13,6,43,6,38,14,6,24,3
1552,124,36,W,Miguel,X6,lshd,l,shd,66,23,13,7,37,11,32,16,4,10,11
1553,125,37,N,Miguel,X6,lshd,l,shd,33,18.5,8,4,NA,7,21,9,4,9,7
1554,125,37,S,Miguel,X6,lshd,l,shd,33,22,10,5,29,5,30,14,5,10,9
1555,125,37,E,Miguel,X6,lshd,l,shd,33,27.5,12,6,72,10,34,15,6,46,3
1556,125,37,W,Miguel,X6,lshd,l,shd,33,25,11,6,48,14,35,14,5,20,16
1557,126,38,N,Miguel,X6,lshd,l,shd,66,22.5,10,5,50,5,20,9,3,11,1
1558,126,38,S,Miguel,X6,lshd,l,shd,66,16.5,8,3,28,10,24,12,3,20,12
1559,126,38,E,Miguel,X6,lshd,l,shd,66,22,11,4,29,14,34,15,4,8,11
1560,126,38,W,Miguel,X6,lshd,l,shd,66,28.5,12,7,83,13,35.5,14,6,47,12
1561,127,39,N,Miguel,X6,lshd,l,shd,33,23,10,6,68,10,28,12,6,62,0
1562,127,39,S,Miguel,X6,lshd,l,shd,33,23,9,5,39,12,36.5,14,5,19,17
1563,127,39,E,Miguel,X6,lshd,l,shd,33,20,9,6,75,6,21,10,6,37,0
1564,127,39,W,Miguel,X6,lshd,l,shd,33,25,9,5,48,16,39,14,4,24,20
1565,128,40,N,Miguel,X6,lshd,l,shd,33,18,9,3,22,8,9.5,4,2,13,0
1566,128,40,S,Miguel,X6,lshd,l,shd,33,17,7,3,24,10,15,6,0,0,0
1567,128,40,E,Miguel,X6,lshd,l,shd,33,10,4,2,9,8,8,4,0,0,0
1568,128,40,W,Miguel,X6,lshd,l,shd,33,29.5,11,5,35,13,27,10,5,15,9
1569,129,41,N,Miguel,X6,lshd,l,shd,33,25.5,10,5,40,13,34.5,13,4,17,11
1570,129,41,S,Miguel,X6,lshd,l,shd,33,32.5,12,7,75,9,51,19,7,33,12
1571,129,41,E,Miguel,X6,lshd,l,shd,33,24.5,10,6,38,6,27.5,12,6,20,5
1572,129,41,W,Miguel,X6,lshd,l,shd,33,20,9,5,24,7,21,9,3,7,5
1573,130,42,N,Miguel,X6,lshd,l,shd,66,19,9,3,27,5,31,13,3,17,7
1574,130,42,S,Miguel,X6,lshd,l,shd,66,33,12,6,80,11,47,16,6,26,16
1575,130,42,E,Miguel,X6,lshd,l,shd,66,33,12,6,79,13,45,17,6,36,14
1576,130,42,W,Miguel,X6,lshd,l,shd,66,30.5,12,6,39,10,49,15,5,14,16
1577,131,43,N,Miguel,X6,lshd,l,shd,66,26,10,5,79,12,37,13,5,15,15
1578,131,43,S,Miguel,X6,lshd,l,shd,66,28,11,7,59,10,29,12,6,32,6
1579,131,43,E,Miguel,X6,lshd,l,shd,66,16,8,3,26,8,21,11,2,10,2
1580,131,43,W,Miguel,X6,lshd,l,shd,66,23,10,6,81,16,33,12,6,21,12
1581,132,44,N,Miguel,X6,lshd,l,shd,0,23,9,6,46,8,23,13,5,11,0
1582,132,44,S,Miguel,X6,lshd,l,shd,0,25,10,6,4.5,9,33,12,5,28,11
1583,132,44,E,Miguel,X6,lshd,l,shd,0,26,10,6,61,11,37,14,6,20,9
1584,132,44,W,Miguel,X6,lshd,l,shd,0,24.5,10,6,61,11,25,10,6,18,6
1585,133,45,N,Miguel,X7,hsun,h,sun,0,35,12,6,94,15,48.5,16,6,81,19
1586,133,45,S,Miguel,X7,hsun,h,sun,0,32,11,6,80,13,35,13,6,36,12
1587,133,45,E,Miguel,X7,hsun,h,sun,0,40,14,8,79,16,52,18,7,63,19
1588,133,45,W,Miguel,X7,hsun,h,sun,0,27,9,4,48,10,33,11,4,28,8
1589,134,46,N,Miguel,X7,hsun,h,sun,0,20,8,5,30,0,26,11,5,9,6
1590,134,46,S,Miguel,X7,hsun,h,sun,0,28.5,13,7,30,6,45,15,6,15,7
1591,134,46,E,Miguel,X7,hsun,h,sun,0,24,11,7,40,5,32,16,5,18,9
1592,134,46,W,Miguel,X7,hsun,h,sun,0,28,10,5,57,9,38,13,5,32,7
1593,135,47,N,Miguel,X7,hsun,h,sun,33,22,12,6,56,9,35.5,17,6,31,6
1594,135,47,S,Miguel,X7,hsun,h,sun,33,27,14,8,65,11,29.5,15,8,34,2
1595,135,47,E,Miguel,X7,hsun,h,sun,33,22,11,7,50,10,27,15,6,28,9
1596,135,47,W,Miguel,X7,hsun,h,sun,33,24,12,7,29,10,26,14,6,13,6
1597,136,48,N,Miguel,X7,hsun,h,sun,33,24,11,7,55,3,24,9,5,24,2
1598,136,48,S,Miguel,X7,hsun,h,sun,33,26,12,4,26,22,38,14,4,20,12
1599,136,48,E,Miguel,X7,hsun,h,sun,33,33.5,14,9,72,10,35,17,7,40,9
1600,136,48,W,Miguel,X7,hsun,h,sun,33,28.5,11,7,97,18,29.5,12,6,55,8
1601,137,49,N,Miguel,X7,hsun,h,sun,66,32,12,7,77,23,34,13,7,41,16
1602,137,49,S,Miguel,X7,hsun,h,sun,66,25,10,6,46,11,30,11,5,12,7
1603,137,49,E,Miguel,X7,hsun,h,sun,66,28,10,6,78,9,38,14,5,33,9
1604,137,49,W,Miguel,X7,hsun,h,sun,66,19,8,4,60,13,23,12,4,29,7
1605,138,50,N,Miguel,X7,hsun,h,sun,0,27,10,6,49,14,36,17,7,30,20
1606,138,50,S,Miguel,X7,hsun,h,sun,0,27,13,7,70,10,39,17,7,25,9
1607,138,50,E,Miguel,X7,hsun,h,sun,0,27,13,7,77,10,34,18,5,26,14
1608,138,50,W,Miguel,X7,hsun,h,sun,0,32,13,8,45,12,35.5,15,6,12,12
1609,139,51,N,Miguel,X7,hsun,h,sun,0,23.5,9,6,36,13,29,11,5,16,1
1610,139,51,S,Miguel,X7,hsun,h,sun,0,26,12,5,53,5,29,12,6,21,8
1611,139,51,E,Miguel,X7,hsun,h,sun,0,29,10,5,41,16,21.5,9,1,2,5
1612,139,51,W,Miguel,X7,hsun,h,sun,0,33,14,7,39,7,35,15,5,13,4
1613,140,52,N,Miguel,X7,hsun,h,sun,0,30,14,4,14,13,40,18,3,6,10
1614,140,52,S,Miguel,X7,hsun,h,sun,0,27,13,7,25,10,37,18,4,12,11
1615,140,52,E,Miguel,X7,hsun,h,sun,0,26,13,6,32,8,37.5,17,4,13,11
1616,140,52,W,Miguel,X7,hsun,h,sun,0,18.5,8,4,22,7,26,11,2,9,12
1617,141,53,N,Miguel,X7,hsun,h,sun,66,29,10,4,31,13,51,17,4,15,21
1618,141,53,S,Miguel,X7,hsun,h,sun,66,27,10,5,49,8,44,15,5,32,10
1619,141,53,E,Miguel,X7,hsun,h,sun,66,33,11,6,64,9,49,17,6,22,20
1620,141,53,W,Miguel,X7,hsun,h,sun,66,31.5,14,7,175,15,45,20,6,46,19
1621,142,54,N,Miguel,X7,hsun,h,sun,0,32,15,9,82,15,33,16,7,82,18
1622,142,54,S,Miguel,X7,hsun,h,sun,0,33.5,14,9,121,10,41.5,18,10,70,17
1623,142,54,E,Miguel,X7,hsun,h,sun,0,25.5,10,5,55,11,40,17,5,53,16
1624,142,54,W,Miguel,X7,hsun,h,sun,0,30,12,7,31,10,37,16,5,16,11
1625,143,55,N,Miguel,X7,hsun,h,sun,66,15.5,5,4,44,5,17,7,4,23,5
1626,143,55,S,Miguel,X7,hsun,h,sun,66,37.5,14,9,62,13,56,21,7,25,15
1627,143,55,E,Miguel,X7,hsun,h,sun,66,25,8,4,25,7,27,11,2,8,0
1628,143,55,W,Miguel,X7,hsun,h,sun,66,34.5,13,8,84,15,36.5,14,7,52,4
1629,144,56,N,Miguel,X7,hsun,h,sun,0,26.5,9,3,22,13,34,12,2,10,8
1630,144,56,S,Miguel,X7,hsun,h,sun,0,32,11,6,49,13,46,17,7,18,17
1631,144,56,E,Miguel,X7,hsun,h,sun,0,24,11,6,45,8,31.5,15,7,29,6
1632,144,56,W,Miguel,X7,hsun,h,sun,0,30,13,8,96,14,37,17,7,8,14
1633,145,57,N,Miguel,X7,hsun,h,sun,66,44,14,7,72,7,57.5,18,7,38,14
1634,145,57,S,Miguel,X7,hsun,h,sun,66,31,10,5,49,11,34,11,5,29,11
1635,145,57,E,Miguel,X7,hsun,h,sun,66,28,11,7,40,10,46,19,7,36,14
1636,145,57,W,Miguel,X7,hsun,h,sun,66,32.5,10,5,65,12,45.5,16,5,36,20
1637,146,58,N,Miguel,X7,hsun,h,sun,33,38,16,10,40,16,59,22,6,9,24
1638,146,58,S,Miguel,X7,hsun,h,sun,33,35,15,6,32,8,53,22,3,8,17
1639,146,58,E,Miguel,X7,hsun,h,sun,33,30.5,14,7,78,9,33.5,17,7,47,11
1640,146,58,W,Miguel,X7,hsun,h,sun,33,23.5,12,10,48,6,24,13,10,23,3
1641,147,59,N,Miguel,X7,hsun,h,sun,66,29.5,12,6,40,11,32.5,20,7,35,12
1642,147,59,S,Miguel,X7,hsun,h,sun,66,29.5,11,6,45,13,41.5,17,6,10,14
1643,147,59,E,Miguel,X7,hsun,h,sun,66,27,11,8,77,6,45,17,5,15,11
1644,147,59,W,Miguel,X7,hsun,h,sun,66,24,9,9,86,6,24,10,8,42,1
1645,148,60,N,Miguel,X7,hsun,h,sun,33,29.5,13,6,36,8,50,18,6,18,17
1646,148,60,S,Miguel,X7,hsun,h,sun,33,27.5,12,5,24,8,41,16,5,13,11
1647,148,60,E,Miguel,X7,hsun,h,sun,33,34,15,6,37,11,34,15,6,22,6
1648,148,60,W,Miguel,X7,hsun,h,sun,33,30,14,8,71,8,35.5,17,7,33,7
1649,149,61,N,Miguel,X7,hsun,h,sun,33,31.5,12,7,54,11,36,13,5,13,8
1650,149,61,S,Miguel,X7,hsun,h,sun,33,24,10,4,24,14,26,11,5,29,12
1651,149,61,E,Miguel,X7,hsun,h,sun,33,20,8,6,26,9,19,9,6,16,5
1652,149,61,W,Miguel,X7,hsun,h,sun,33,32,12,6,49,13,34.5,13,5,22,11
1653,150,62,N,Miguel,X7,hsun,h,sun,0,39.5,15,5,15,11,46,15,1,2,0
1654,150,62,S,Miguel,X7,hsun,h,sun,0,31,12,5,27,12,30,12,2,4,3
1655,150,62,E,Miguel,X7,hsun,h,sun,0,24,11,5,17,10,29.5,13,4,12,0
1656,150,62,W,Miguel,X7,hsun,h,sun,0,33,14,8,83,8,39,17,7,41,5
1657,151,63,N,Miguel,X7,hsun,h,sun,66,29,13,8,93,7,35,16,8,42,9
1658,151,63,S,Miguel,X7,hsun,h,sun,66,26.5,11,7,52,5,29,14,7,27,4
1659,151,63,E,Miguel,X7,hsun,h,sun,66,28,13,7,103,10,27,12,7,60,2
1660,151,63,W,Miguel,X7,hsun,h,sun,66,27.5,11,4,25,6,32,12,4,16,7
1661,152,64,N,Miguel,X7,hsun,h,sun,0,32.5,11,6,37,8,38.5,17,5,19,14
1662,152,64,S,Miguel,X7,hsun,h,sun,0,24.5,9,3,17,14,27.5,12,2,5,13
1663,152,64,E,Miguel,X7,hsun,h,sun,0,33.5,13,8,71,9,47,19,8,28,14
1664,152,64,W,Miguel,X7,hsun,h,sun,0,39,12,7,49,12,53.5,17,7,30,19
1665,153,65,N,Miguel,X7,hsun,h,sun,33,39.5,15,7,53,6,30,12,5,33,4
1666,153,65,S,Miguel,X7,hsun,h,sun,33,34,13,7,39,12,35,12,8,26,4
1667,153,65,E,Miguel,X7,hsun,h,sun,33,24,11,5,18,9,25,11,4,8,3
1668,153,65,W,Miguel,X7,hsun,h,sun,33,31.5,11,6,45,9,38,14,6,30,1
1669,154,66,N,Miguel,X7,hsun,h,sun,0,24.5,11,7,44,12,30,14,6,28,9
1670,154,66,S,Miguel,X7,hsun,h,sun,0,30,11,6,47,9,42.5,17,5,25,15
1671,154,66,E,Miguel,X7,hsun,h,sun,0,23,9,2,18,11,32.5,14,3,7,17
1672,154,66,W,Miguel,X7,hsun,h,sun,0,41,16,9,79,13,23,8,4,23,0
1673,155,67,N,Miguel,X8,lsun,l,sun,66,33.5,16,10,97,11,37.5,17,9,63,8
1674,155,67,S,Miguel,X8,lsun,l,sun,66,39.5,11,6,21,14,54,17,6,16,9
1675,155,67,E,Miguel,X8,lsun,l,sun,66,25,17,11,47,9,31,18,7,16,9
1676,155,67,W,Miguel,X8,lsun,l,sun,66,29,13,7,53,12,30,12,6,26,7
1677,156,68,N,Miguel,X8,lsun,l,sun,0,28.5,12,7,34,11,32,14,7,33,8
1678,156,68,S,Miguel,X8,lsun,l,sun,0,31,13,8,41,9,37.5,18,7,21,8
1679,156,68,E,Miguel,X8,lsun,l,sun,0,14,5,4,9,0,13.5,6,1,2,0
1680,156,68,W,Miguel,X8,lsun,l,sun,0,26.5,10,4,19,15,42,15,6,13,14
1681,157,69,N,Miguel,X8,lsun,l,sun,66,26,11,7,44,11,26.5,15,6,33,4
1682,157,69,S,Miguel,X8,lsun,l,sun,66,39,15,10,132,14,37,14,10,119,5
1683,157,69,E,Miguel,X8,lsun,l,sun,66,33.5,12,8,132,13,38,16,8,141,5
1684,157,69,W,Miguel,X8,lsun,l,sun,66,32,14,9,91,12,37,15,9,69,3
1685,158,70,N,Miguel,X8,lsun,l,sun,33,26,10,6,23,6,44.5,16,7,14,9
1686,158,70,S,Miguel,X8,lsun,l,sun,33,32,16,8,62,11,39,20,8,42,8
1687,158,70,E,Miguel,X8,lsun,l,sun,33,13,6,4,33,7,13,7,4,13,3
1688,158,70,W,Miguel,X8,lsun,l,sun,33,18,8,6,39,8,21,9,6,31,8
1689,159,71,N,Miguel,X8,lsun,l,sun,0,25,13,6,23,4,24.5,NA,5,12,1
1690,159,71,S,Miguel,X8,lsun,l,sun,0,28,14,7,22,11,32,16,6,11,8
1691,159,71,E,Miguel,X8,lsun,l,sun,0,27,13,7,42,9,34.5,16,7,21,3
1692,159,71,W,Miguel,X8,lsun,l,sun,0,27,13,7,16,9,39,19,4,8,11
1693,160,72,N,Miguel,X8,lsun,l,sun,0,33,16,3,7,7,34,15,2,3,0
1694,160,72,S,Miguel,X8,lsun,l,sun,0,27,12,7,52,12,32.5,18,8,52,12
1695,160,72,E,Miguel,X8,lsun,l,sun,0,30,14,9,62,12,36,18,8,52,12
1696,160,72,W,Miguel,X8,lsun,l,sun,0,30,14,9,29,11,34,17,7,20,14
1697,161,73,N,Miguel,X8,lsun,l,sun,66,24.5,10,6,31,10,28.5,13,6,21,8
1698,161,73,S,Miguel,X8,lsun,l,sun,66,27.5,14,8,48,8,28,14,7,30,4
1699,161,73,E,Miguel,X8,lsun,l,sun,66,20,8,4,22,4,22.5,10,4,15,0
1700,161,73,W,Miguel,X8,lsun,l,sun,66,31,11,5,25,11,40,13,5,21,7
1701,162,74,N,Miguel,X8,lsun,l,sun,0,22.5,10,6,24,6,36,15,6,18,13
1702,162,74,S,Miguel,X8,lsun,l,sun,0,33,12,7,47,11,32,11,4,34,0
1703,162,74,E,Miguel,X8,lsun,l,sun,0,27,9,6,24,7,26,10,5,22,2
1704,162,74,W,Miguel,X8,lsun,l,sun,0,26,10,5,24,6,30,12,5,23,7
1705,163,75,N,Miguel,X8,lsun,l,sun,33,37,14,3,7,10,47,17,3,7,6
1706,163,75,S,Miguel,X8,lsun,l,sun,33,28,10,2,3,6,39.5,15,1,1,8
1707,163,75,E,Miguel,X8,lsun,l,sun,33,37,13,4,8,7,38.5,16,2,2,3
1708,163,75,W,Miguel,X8,lsun,l,sun,33,22,8,4,5,7,35.5,13,3,5,8
1709,164,76,N,Miguel,X8,lsun,l,sun,33,20.5,12,8,43,7,19,12,7,21,0
1710,164,76,S,Miguel,X8,lsun,l,sun,33,18,12,3,12,6,15.5,9,2,7,0
1711,164,76,E,Miguel,X8,lsun,l,sun,33,13.5,7,2,11,8,19,10,2,9,6
1712,164,76,W,Miguel,X8,lsun,l,sun,33,26,15,6,38,10,34,18,6,25,10
1713,165,77,N,Miguel,X8,lsun,l,sun,0,24,11,5,22,5,26,13,5,21,6
1714,165,77,S,Miguel,X8,lsun,l,sun,0,20,9,3,13,5,36,15,5,10,15
1715,165,77,E,Miguel,X8,lsun,l,sun,0,15,10,6,11,6,28,14,6,12,2
1716,165,77,W,Miguel,X8,lsun,l,sun,0,26,12,5,22,14,42.5,18,8,43,9
1717,166,78,N,Miguel,X8,lsun,l,sun,0,17,12,3,16,11,NA,NA,NA,NA,NA
1718,166,78,S,Miguel,X8,lsun,l,sun,0,28.5,10,4,29,13,28,10,4,21,1
1719,166,78,E,Miguel,X8,lsun,l,sun,0,30,11,4,29,13,44,14,5,13,7
1720,166,78,W,Miguel,X8,lsun,l,sun,0,17.5,8,2,8,6,20,8,1,3,2
1721,167,79,N,Miguel,X8,lsun,l,sun,33,31,13,7,32,14,30,13,6,15,3
1722,167,79,S,Miguel,X8,lsun,l,sun,33,28,12,4,7,11,31,15,3,5,7
1723,167,79,E,Miguel,X8,lsun,l,sun,33,15,11,6,14,4,22,14,3,5,5
1724,167,79,W,Miguel,X8,lsun,l,sun,33,27,12,2,3,16,37,17,5,31,17
1725,168,80,N,Miguel,X8,lsun,l,sun,0,17,7,6,36,2,17.5,9,4,27,0
1726,168,80,S,Miguel,X8,lsun,l,sun,0,28,13,8,82,3,28,12,7,61,3
1727,168,80,E,Miguel,X8,lsun,l,sun,0,20,10,6,58,6,28,13,7,61,2
1728,168,80,W,Miguel,X8,lsun,l,sun,0,20.5,11,7,33,9,31.5,16,6,17,11
1729,169,81,N,Miguel,X8,lsun,l,sun,33,30,10,7,46,8,29.5,11,6,22,3
1730,169,81,S,Miguel,X8,lsun,l,sun,33,32,13,5,32,8,32,14,4,7,1
1731,169,81,E,Miguel,X8,lsun,l,sun,33,28,12,4,39,7,33,11,4,25,0
1732,169,81,W,Miguel,X8,lsun,l,sun,33,29,11,6,17,6,28,10,5,8,0
1733,170,82,N,Miguel,X8,lsun,l,sun,0,18,11,1,1,6,27,14,0,0,8
1734,170,82,S,Miguel,X8,lsun,l,sun,0,13,8,1,1,6,15.5,8,1,1,0
1735,170,82,E,Miguel,X8,lsun,l,sun,0,12,9,3,3,4,17,9,0,0,0
1736,170,82,W,Miguel,X8,lsun,l,sun,0,19,9,6,10,6,28.5,16,4,5,9
1737,171,83,N,Miguel,X8,lsun,l,sun,0,38,14,9,99,9,49,20,9,62,9
1738,171,83,S,Miguel,X8,lsun,l,sun,0,26,12,8,58,10,24.5,11,7,30,3
1739,171,83,E,Miguel,X8,lsun,l,sun,0,24,12,3,12,6,25.5,13,6,11,3
1740,171,83,W,Miguel,X8,lsun,l,sun,0,29.5,11,6,38,9,29,10,6,28,4
1741,172,84,N,Miguel,X8,lsun,l,sun,66,26,10,6,25,15,38.5,17,5,19,13
1742,172,84,S,Miguel,X8,lsun,l,sun,66,32,11,6,82,8,43.5,16,7,65,7
1743,172,84,E,Miguel,X8,lsun,l,sun,66,27,10,6,5,5,32,13,5,36,9
1744,172,84,W,Miguel,X8,lsun,l,sun,66,26,12,6,35,8,36.5,16,6,33,11
1745,173,85,N,Miguel,X8,lsun,l,sun,0,38,13,6,24,10,33,15,3,6,5
1746,173,85,S,Miguel,X8,lsun,l,sun,0,23,11,6,39,11,45,17,5,24,10
1747,173,85,E,Miguel,X8,lsun,l,sun,0,23,10,6,62,10,34,16,5,31,16
1748,173,85,W,Miguel,X8,lsun,l,sun,0,30.5,13,8,53,10,33,16,8,43,7
1749,174,86,N,Miguel,X8,lsun,l,sun,66,30,14,6,46,11,44,18,6,22,17
1750,174,86,S,Miguel,X8,lsun,l,sun,66,27,14,5,19,10,37.5,17,4,7,14
1751,174,86,E,Miguel,X8,lsun,l,sun,66,26,13,7,63,10,30,17,5,20,18
1752,174,86,W,Miguel,X8,lsun,l,sun,66,28,13,6,35,10,40.5,18,5,25,19
1753,175,87,N,Miguel,X8,lsun,l,sun,66,39,12,7,105,11,38,12,7,49,4
1754,175,87,S,Miguel,X8,lsun,l,sun,66,37,13,6,51,18,45,16,5,47,24
1755,175,87,E,Miguel,X8,lsun,l,sun,66,35.5,12,7,68,10,37.5,12,7,36,3
1756,175,87,W,Miguel,X8,lsun,l,sun,66,39,12,7,69,9,29.5,8,4,20,10
1757,176,88,N,Miguel,X8,lsun,l,sun,33,28.5,9,3,17,13,41,13,3,17,18
1758,176,88,S,Miguel,X8,lsun,l,sun,33,32,12,7,43,11,46,15,7,33,12
1759,176,88,E,Miguel,X8,lsun,l,sun,33,34.5,12,5,42,14,36,12,5,37,7
1760,176,88,W,Miguel,X8,lsun,l,sun,33,41,15,9,77,12,55.5,20,9,55,12
1761,177,1,N,Oscar,X9,hshd,h,shd,0,23,15,9,100,10,42,20,9,61,12
1762,177,1,S,Oscar,X9,hshd,h,shd,0,32.5,13,7,73,15,45,19,7,62,16
1763,177,1,E,Oscar,X9,hshd,h,shd,0,22,10,5,43,11,32,13,4,30,17
1764,177,1,W,Oscar,X9,hshd,h,shd,0,26,11,6,41,12,32,13,6,37,8
1765,178,2,N,Oscar,X9,hshd,h,shd,33,16.5,12,6,27,9,19,14,5,21,6
1766,178,2,S,Oscar,X9,hshd,h,shd,33,35.5,16,8,74,12,42,9,8,49,8
1767,178,2,E,Oscar,X9,hshd,h,shd,33,29,13,7,79,10,31,15,7,81,2
1768,178,2,W,Oscar,X9,hshd,h,shd,33,15.5,12,6,43,10,23,16,6,16,5
1769,179,3,N,Oscar,X9,hshd,h,shd,33,NA,NA,NA,NA,NA,NA,NA,NA,NA,NA
1770,179,3,S,Oscar,X9,hshd,h,shd,33,NA,NA,NA,NA,NA,NA,NA,NA,NA,NA
1771,179,3,E,Oscar,X9,hshd,h,shd,33,NA,NA,NA,NA,NA,NA,NA,NA,NA,NA
1772,179,3,W,Oscar,X9,hshd,h,shd,33,NA,NA,NA,NA,NA,NA,NA,NA,NA,NA
1773,180,4,N,Oscar,X9,hshd,h,shd,66,39,17,11,73,13,56.5,24,8,26,16
1774,180,4,S,Oscar,X9,hshd,h,shd,66,31,12,5,25,18,48.5,19,6,15,20
1775,180,4,E,Oscar,X9,hshd,h,shd,66,25,9,6,77,14,44,17,6,44,21
1776,180,4,W,Oscar,X9,hshd,h,shd,66,36.5,13,5,15,15,48,17,3,9,4
1777,181,5,N,Oscar,X9,hshd,h,shd,33,29,13,8,28,7,43.5,20,7,17,16
1778,181,5,S,Oscar,X9,hshd,h,shd,33,27,12,6,54,6,31.5,16,5,43,7
1779,181,5,E,Oscar,X9,hshd,h,shd,33,37,17,10,100,7,41.5,20,9,69,7
1780,181,5,W,Oscar,X9,hshd,h,shd,33,32,12,10,104,14,44,22,9,62,9
1781,182,6,N,Oscar,X9,hshd,h,shd,0,NA,NA,NA,NA,NA,NA,NA,NA,NA,NA
1782,182,6,S,Oscar,X9,hshd,h,shd,0,NA,NA,NA,NA,NA,NA,NA,NA,NA,NA
1783,182,6,E,Oscar,X9,hshd,h,shd,0,NA,NA,NA,NA,NA,NA,NA,NA,NA,NA
1784,182,6,W,Oscar,X9,hshd,h,shd,0,NA,NA,NA,NA,NA,NA,NA,NA,NA,NA
1785,183,7,N,Oscar,X9,hshd,h,shd,66,25,11,8,126,6,25,11,7,56,0
1786,183,7,S,Oscar,X9,hshd,h,shd,66,33.5,13,9,138,15,36.5,15,9,102,6
1787,183,7,E,Oscar,X9,hshd,h,shd,66,28,13,8,128,14,36,17,8,91,10
1788,183,7,W,Oscar,X9,hshd,h,shd,66,31,12,8,157,14,33,16,8,102,5
1789,184,8,N,Oscar,X9,hshd,h,shd,33,35,16,8,65,10,41,21,9,31,6
1790,184,8,S,Oscar,X9,hshd,h,shd,33,34,13,10,142,9,42,22,10,73,14
1791,184,8,E,Oscar,X9,hshd,h,shd,33,22,10,5,21,6,21.5,11,5,13,4
1792,184,8,W,Oscar,X9,hshd,h,shd,33,35,17,12,119,9,42.5,20,11,63,7
1793,185,9,N,Oscar,X9,hshd,h,shd,66,24,14,9,131,16,31,16,9,92,5
1794,185,9,S,Oscar,X9,hshd,h,shd,66,15.5,8,3,31,7,22,10,4,20,9
1795,185,9,E,Oscar,X9,hshd,h,shd,66,35,18,14,124,9,37,18,12,98,0
1796,185,9,W,Oscar,X9,hshd,h,shd,66,21,10,7,86,9,25,14,7,63,7
1797,186,10,N,Oscar,X9,hshd,h,shd,0,50,17,11,160,24,56,20,11,112,15
1798,186,10,S,Oscar,X9,hshd,h,shd,0,27.5,11,6,67,12,32.5,14,6,45,9
1799,186,10,E,Oscar,X9,hshd,h,shd,0,39,13,7,120,16,54,20,7,75,20
1800,186,10,W,Oscar,X9,hshd,h,shd,0,34.5,13,7,85,12,35,15,7,49,1
1801,187,11,N,Oscar,X9,hshd,h,shd,0,40,13,9,72,8,40.5,18,6,23,3
1802,187,11,S,Oscar,X9,hshd,h,shd,0,20.5,9,4,22,6,20,10,4,18,0
1803,187,11,E,Oscar,X9,hshd,h,shd,0,25.5,13,7,29,9,29.5,16,7,25,5
1804,187,11,W,Oscar,X9,hshd,h,shd,0,24.5,13,7,15,10,25,15,5,10,4
1805,188,12,N,Oscar,X9,hshd,h,shd,0,NA,NA,NA,NA,NA,NA,NA,NA,NA,NA
1806,188,12,S,Oscar,X9,hshd,h,shd,0,NA,NA,NA,NA,NA,NA,NA,NA,NA,NA
1807,188,12,E,Oscar,X9,hshd,h,shd,0,NA,NA,NA,NA,NA,NA,NA,NA,NA,NA
1808,188,12,W,Oscar,X9,hshd,h,shd,0,NA,NA,NA,NA,NA,NA,NA,NA,NA,NA
1809,189,13,N,Oscar,X9,hshd,h,shd,66,18,9,5,47,9,28,14,5,53,9
1810,189,13,S,Oscar,X9,hshd,h,shd,66,26,13,8,84,12,30,15,7,58,11
1811,189,13,E,Oscar,X9,hshd,h,shd,66,24.5,12,7,81,12,33,17,7,48,12
1812,189,13,W,Oscar,X9,hshd,h,shd,66,19,8,6,68,7,28,12,6,35,10
1813,190,14,N,Oscar,X9,hshd,h,shd,0,23,11,8,80,6,24,13,8,31,0
1814,190,14,S,Oscar,X9,hshd,h,shd,0,34,14,8,66,14,34,16,8,36,1
1815,190,14,E,Oscar,X9,hshd,h,shd,0,27,24,19,103,9,28,16,9,60,3
1816,190,14,W,Oscar,X9,hshd,h,shd,0,29.5,13,7,97,11,37.5,15,7,67,5
1817,191,15,N,Oscar,X9,hshd,h,shd,0,31,15,10,128,12,38,21,10,80,12
1818,191,15,S,Oscar,X9,hshd,h,shd,0,39,17,11,133,17,43,20,11,81,15
1819,191,15,E,Oscar,X9,hshd,h,shd,0,28,18,9,86,13,26,13,8,52,0
1820,191,15,W,Oscar,X9,hshd,h,shd,0,43,16,12,160,14,47,23,14,105,10
1821,192,16,N,Oscar,X9,hshd,h,shd,66,36,17,10,106,15,60,26,11,46,5
1822,192,16,S,Oscar,X9,hshd,h,shd,66,34,11,7,80,12,66,24,10,124,16
1823,192,16,E,Oscar,X9,hshd,h,shd,66,45,14,11,95,10,49,21,9,38,0
1824,192,16,W,Oscar,X9,hshd,h,shd,66,37,13,8,125,13,47,21,2,3,6
1825,193,17,N,Oscar,X9,hshd,h,shd,0,32.5,11,4,50,17,53,18,4,34,14
1826,193,17,S,Oscar,X9,hshd,h,shd,0,28.5,11,7,49,13,33,15,7,34,12
1827,193,17,E,Oscar,X9,hshd,h,shd,0,29.5,11,10,62,10,NA,NA,NA,NA,NA
1828,193,17,W,Oscar,X9,hshd,h,shd,0,22,9,7,51,5,24,13,6,23,6
1829,194,18,N,Oscar,X9,hshd,h,shd,66,39,15,9,101,8,41,18,8,57,3
1830,194,18,S,Oscar,X9,hshd,h,shd,66,38,12,9,123,9,38,15,9,54,1
1831,194,18,E,Oscar,X9,hshd,h,shd,66,30,12,7,80,8,31,14,7,49,6
1832,194,18,W,Oscar,X9,hshd,h,shd,66,33,14,9,98,9,32.5,16,9,51,0
1833,195,19,N,Oscar,X9,hshd,h,shd,33,31,14,7,83,7,40,17,7,53,7
1834,195,19,S,Oscar,X9,hshd,h,shd,33,43,20,10,140,16,39,17,10,106,0
1835,195,19,E,Oscar,X9,hshd,h,shd,33,41.5,17,11,102,9,41,16,11,71,2
1836,195,19,W,Oscar,X9,hshd,h,shd,33,36,15,11,107,10,46,17,8,73,5
1837,196,20,N,Oscar,X9,hshd,h,shd,0,41,16,11,78,15,41,16,10,41,6
1838,196,20,S,Oscar,X9,hshd,h,shd,0,35,14,9,74,12,38,16,9,57,9
1839,196,20,E,Oscar,X9,hshd,h,shd,0,37,14,9,72,15,42,18,10,39,12
1840,196,20,W,Oscar,X9,hshd,h,shd,0,31.5,14,9,96,13,32,14,9,72,5
1841,197,21,N,Oscar,X9,hshd,h,shd,33,31.5,12,7,42,14,39,16,7,32,2
1842,197,21,S,Oscar,X9,hshd,h,shd,33,19,10,4,19,9,10,3,3,11,0
1843,197,21,E,Oscar,X9,hshd,h,shd,33,29.5,11,6,78,10,38,15,7,46,6
1844,197,21,W,Oscar,X9,hshd,h,shd,33,25,12,7,34,9,35.5,16,6,20,2
1845,198,22,N,Oscar,X9,hshd,h,shd,0,28,11,4,27,13,38,15,4,28,17
1846,198,22,S,Oscar,X9,hshd,h,shd,0,41,15,9,112,12,48.5,19,9,102,9
1847,198,22,E,Oscar,X9,hshd,h,shd,0,40,14,7,85,15,50,17,7,77,11
1848,198,22,W,Oscar,X9,hshd,h,shd,0,39,14,9,87,7,42,16,8,74,10
1849,199,23,N,Oscar,X10,lshd,l,shd,66,25.5,12,6,55,7,29,15,6,38,5
1850,199,23,S,Oscar,X10,lshd,l,shd,66,24,12,6,62,15,30,15,5,45,12
1851,199,23,E,Oscar,X10,lshd,l,shd,66,22,11,6,37,12,28,14,6,26,5
1852,199,23,W,Oscar,X10,lshd,l,shd,66,28,13,7,33,10,31,17,5,20,10
1853,200,24,N,Oscar,X10,lshd,l,shd,0,36,16,9,89,8,39,18,8,63,2
1854,200,24,S,Oscar,X10,lshd,l,shd,0,28,11,6,52,11,30,13,6,37,11
1855,200,24,E,Oscar,X10,lshd,l,shd,0,30,12,7,88,5,30,13,7,49,0
1856,200,24,W,Oscar,X10,lshd,l,shd,0,32,12,7,64,8,36,17,6,6,4
1857,201,25,N,Oscar,X10,lshd,l,shd,0,16,8,2,8,8,15.5,9,0,0,0
1858,201,25,S,Oscar,X10,lshd,l,shd,0,38,17,12,113,10,43.5,20,10,86,7
1859,201,25,E,Oscar,X10,lshd,l,shd,0,27.5,14,8,76,9,31,18,8,62,1
1860,201,25,W,Oscar,X10,lshd,l,shd,0,33,15,9,72,9,35,19,8,50,2
1861,202,26,N,Oscar,X10,lshd,l,shd,33,28,13,8,50,4,30.5,14,7,34,0
1862,202,26,S,Oscar,X10,lshd,l,shd,33,39,19,10,95,11,44,20,7,57,6
1863,202,26,E,Oscar,X10,lshd,l,shd,33,31,14,10,100,9,36,17,11,65,0
1864,202,26,W,Oscar,X10,lshd,l,shd,33,30,15,7,66,5,30,16,6,46,0
1865,203,27,N,Oscar,X10,lshd,l,shd,66,31,12,6,47,7,29,10,4,22,0
1866,203,27,S,Oscar,X10,lshd,l,shd,66,25.5,10,5,28,8,38,12,5,15,2
1867,203,27,E,Oscar,X10,lshd,l,shd,66,34,14,8,70,10,36,15,8,40,0
1868,203,27,W,Oscar,X10,lshd,l,shd,66,37,13,9,79,7,39,15,9,41,2
1869,204,28,N,Oscar,X10,lshd,l,shd,33,31,15,9,80,7,40,20,6,40,7
1870,204,28,S,Oscar,X10,lshd,l,shd,33,31,15,8,56,9,30.5,11,8,27,0
1871,204,28,E,Oscar,X10,lshd,l,shd,33,25,12,7,33,7,25,11,4,13,0
1872,204,28,W,Oscar,X10,lshd,l,shd,33,34,13,7,77,8,37.5,19,7,48,8
1873,205,29,N,Oscar,X10,lshd,l,shd,33,NA,NA,NA,NA,NA,NA,NA,NA,NA,NA
1874,205,29,S,Oscar,X10,lshd,l,shd,33,NA,NA,NA,NA,NA,NA,NA,NA,NA,NA
1875,205,29,E,Oscar,X10,lshd,l,shd,33,NA,NA,NA,NA,NA,NA,NA,NA,NA,NA
1876,205,29,W,Oscar,X10,lshd,l,shd,33,NA,NA,NA,NA,NA,NA,NA,NA,NA,NA
1877,206,30,N,Oscar,X10,lshd,l,shd,0,41,16,10,112,13,51,20,10,81,5
1878,206,30,S,Oscar,X10,lshd,l,shd,0,28,12,8,52,7,30,14,6,29,0
1879,206,30,E,Oscar,X10,lshd,l,shd,0,34,15,8,43,8,38,18,5,7,1
1880,206,30,W,Oscar,X10,lshd,l,shd,0,15,8,3,18,5,15,8,2,12,1
1881,207,31,N,Oscar,X10,lshd,l,shd,0,NA,NA,NA,NA,NA,NA,NA,NA,NA,NA
1882,207,31,S,Oscar,X10,lshd,l,shd,0,NA,NA,NA,NA,NA,NA,NA,NA,NA,NA
1883,207,31,E,Oscar,X10,lshd,l,shd,0,NA,NA,NA,NA,NA,NA,NA,NA,NA,NA
1884,207,31,W,Oscar,X10,lshd,l,shd,0,NA,NA,NA,NA,NA,NA,NA,NA,NA,NA
1885,208,32,N,Oscar,X10,lshd,l,shd,0,NA,NA,NA,NA,NA,NA,NA,NA,NA,NA
1886,208,32,S,Oscar,X10,lshd,l,shd,0,NA,NA,NA,NA,NA,NA,NA,NA,NA,NA
1887,208,32,E,Oscar,X10,lshd,l,shd,0,NA,NA,NA,NA,NA,NA,NA,NA,NA,NA
1888,208,32,W,Oscar,X10,lshd,l,shd,0,NA,NA,NA,NA,NA,NA,NA,NA,NA,NA
1889,209,33,N,Oscar,X10,lshd,l,shd,33,32,12,5,18,9,36,15,5,12,5
1890,209,33,S,Oscar,X10,lshd,l,shd,33,29,12,8,51,5,28,10,6,21,0
1891,209,33,E,Oscar,X10,lshd,l,shd,33,35.5,13,8,50,6,45,19,8,40,9
1892,209,33,W,Oscar,X10,lshd,l,shd,33,29,12,6,13,14,35,15,5,7,6
1893,210,34,N,Oscar,X10,lshd,l,shd,66,55,17,8,71,11,63.5,22,8,41,5
1894,210,34,S,Oscar,X10,lshd,l,shd,66,54,17,11,82,13,72.5,22,10,38,6
1895,210,34,E,Oscar,X10,lshd,l,shd,66,45,13,8,34,14,45,14,8,20,0
1896,210,34,W,Oscar,X10,lshd,l,shd,66,59,18,10,70,13,75,25,9,31,11
1897,211,35,N,Oscar,X10,lshd,l,shd,66,31,10,8,98,8,32,12,7,52,4
1898,211,35,S,Oscar,X10,lshd,l,shd,66,36,13,9,86,12,38.5,15,9,53,4
1899,211,35,E,Oscar,X10,lshd,l,shd,66,34,14,10,106,12,37.5,17,10,57,4
1900,211,35,W,Oscar,X10,lshd,l,shd,66,39,18,5,43,12,40,13,5,24,3
1901,212,36,N,Oscar,X10,lshd,l,shd,0,25,8,4,9,8,31,11,4,9,10
1902,212,36,S,Oscar,X10,lshd,l,shd,0,34,12,8,94,9,34,13,9,63,9
1903,212,36,E,Oscar,X10,lshd,l,shd,0,32,11,5,50,15,47,16,5,29,13
1904,212,36,W,Oscar,X10,lshd,l,shd,0,36,12,5,22,14,51,17,3,13,15
1905,213,37,N,Oscar,X10,lshd,l,shd,33,31,13,8,59,9,32,14,8,51,1
1906,213,37,S,Oscar,X10,lshd,l,shd,33,34,13,9,89,8,38,16,9,79,8
1907,213,37,E,Oscar,X10,lshd,l,shd,33,24,13,8,59,8,24,12,7,37,3
1908,213,37,W,Oscar,X10,lshd,l,shd,33,25,11,6,16,4,24,11,5,9,0
1909,214,38,N,Oscar,X10,lshd,l,shd,66,27,12,7,21,9,31,15,5,12,0
1910,214,38,S,Oscar,X10,lshd,l,shd,66,37,14,10,90,13,54.5,22,9,45,19
1911,214,38,E,Oscar,X10,lshd,l,shd,66,39,14,10,100,14,53.5,22,10,53,17
1912,214,38,W,Oscar,X10,lshd,l,shd,66,25.5,10,4,44,16,40,17,4,32,11
1913,215,39,N,Oscar,X10,lshd,l,shd,0,33,13,6,14,7,38,18,4,7,1
1914,215,39,S,Oscar,X10,lshd,l,shd,0,17,7,4,30,10,18.5,8,4,16,8
1915,215,39,E,Oscar,X10,lshd,l,shd,0,28.5,12,4,22,6,34,16,3,9,3
1916,215,39,W,Oscar,X10,lshd,l,shd,0,33.5,11,6,19,9,41.5,18,2,2,7
1917,216,40,N,Oscar,X10,lshd,l,shd,66,16,9,3,18,6,16,11,1,3,0
1918,216,40,S,Oscar,X10,lshd,l,shd,66,30,13,8,46,13,34.5,16,7,37,4
1919,216,40,E,Oscar,X10,lshd,l,shd,66,25,12,5,34,4,35,16,5,26,6
1920,216,40,W,Oscar,X10,lshd,l,shd,66,25,11,4,34,4,24,10,5,29,0
1921,217,41,N,Oscar,X10,lshd,l,shd,0,23,10,5,29,10,41,18,5,19,10
1922,217,41,S,Oscar,X10,lshd,l,shd,0,21.5,11,5,28,15,34,16,4,16,12
1923,217,41,E,Oscar,X10,lshd,l,shd,0,23,11,3,4,12,40,18,3,4,21
1924,217,41,W,Oscar,X10,lshd,l,shd,0,26,12,7,36,16,39,18,7,28,12
1925,218,42,N,Oscar,X10,lshd,l,shd,0,35,12,8,93,10,40.5,18,9,62,4
1926,218,42,S,Oscar,X10,lshd,l,shd,0,21,13,7,54,14,43.5,19,7,36,15
1927,218,42,E,Oscar,X10,lshd,l,shd,0,35,11,6,66,11,51,17,6,37,13
1928,218,42,W,Oscar,X10,lshd,l,shd,0,35,14,10,103,11,42,18,10,72,12
1929,219,43,N,Oscar,X10,lshd,l,shd,33,25,11,7,72,10,30,13,7,55,10
1930,219,43,S,Oscar,X10,lshd,l,shd,33,38,15,10,62,12,43,18,10,52,8
1931,219,43,E,Oscar,X10,lshd,l,shd,33,30,12,8,58,9,37,16,8,51,11
1932,219,43,W,Oscar,X10,lshd,l,shd,33,37,14,9,32,13,42,16,9,22,14
1933,220,44,N,Oscar,X10,lshd,l,shd,0,22,13,6,80,8,24.5,13,6,50,5
1934,220,44,S,Oscar,X10,lshd,l,shd,0,34,14,8,94,10,34,14,8,57,0
1935,220,44,E,Oscar,X10,lshd,l,shd,0,26,13,7,50,9,30.5,15,7,27,9
1936,220,44,W,Oscar,X10,lshd,l,shd,0,34,13,7,88,12,39,16,7,58,11
1937,221,45,N,Oscar,X11,hsun,h,sun,66,27,13,8,98,9,25.5,12,6,50,0
1938,221,45,S,Oscar,X11,hsun,h,sun,66,31.5,15,10,107,8,29,14,10,42,0
1939,221,45,E,Oscar,X11,hsun,h,sun,66,34.5,15,10,145,9,32,13,8,87,0
1940,221,45,W,Oscar,X11,hsun,h,sun,66,33,15,10,111,9,30,13,10,51,0
1941,222,46,N,Oscar,X11,hsun,h,sun,0,38.5,16,10,68,13,40,20,8,40,4
1942,222,46,S,Oscar,X11,hsun,h,sun,0,44,17,13,127,10,44,18,10,29,0
1943,222,46,E,Oscar,X11,hsun,h,sun,0,35,14,8,120,10,40.5,17,8,92,12
1944,222,46,W,Oscar,X11,hsun,h,sun,0,40.5,16,12,90,11,40.5,17,5,57,3
1945,223,47,N,Oscar,X11,hsun,h,sun,66,30,15,10,119,15,33,18,10,83,7
1946,223,47,S,Oscar,X11,hsun,h,sun,66,39,17,12,197,15,45,21,11,127,10
1947,223,47,E,Oscar,X11,hsun,h,sun,66,36.5,18,13,181,15,38,18,12,112,0
1948,223,47,W,Oscar,X11,hsun,h,sun,66,36,18,12,172,14,37.5,19,11,112,7
1949,224,48,N,Oscar,X11,hsun,h,sun,0,43,15,10,98,13,52.5,20,10,91,13
1950,224,48,S,Oscar,X11,hsun,h,sun,0,38.5,14,9,140,16,45.5,18,9,87,7
1951,224,48,E,Oscar,X11,hsun,h,sun,0,36.5,13,9,128,14,38,15,9,84,3
1952,224,48,W,Oscar,X11,hsun,h,sun,0,42,15,9,127,14,46.5,18,9,80,11
1953,225,49,N,Oscar,X11,hsun,h,sun,66,40.5,15,8,41,7,42.5,18,7,28,3
1954,225,49,S,Oscar,X11,hsun,h,sun,66,26,11,6,13,10,32,15,5,10,4
1955,225,49,E,Oscar,X11,hsun,h,sun,66,30.5,12,5,14,10,52,20,3,5,17
1956,225,49,W,Oscar,X11,hsun,h,sun,66,25.5,11,5,15,12,38,19,4,7,6
1957,226,50,N,Oscar,X11,hsun,h,sun,66,37.5,19,12,19,10,41,22,10,20,0
1958,226,50,S,Oscar,X11,hsun,h,sun,66,26.5,14,6,44,13,44,20,5,48,14
1959,226,50,E,Oscar,X11,hsun,h,sun,66,28,13,9,49,7,41,21,7,42,10
1960,226,50,W,Oscar,X11,hsun,h,sun,66,25.5,12,6,21,9,27,13,6,15,3
1961,227,51,N,Oscar,X11,hsun,h,sun,0,NA,NA,NA,NA,NA,NA,NA,NA,NA,NA
1962,227,51,S,Oscar,X11,hsun,h,sun,0,NA,NA,NA,NA,NA,NA,NA,NA,NA,NA
1963,227,51,E,Oscar,X11,hsun,h,sun,0,NA,NA,NA,NA,NA,NA,NA,NA,NA,NA
1964,227,51,W,Oscar,X11,hsun,h,sun,0,NA,NA,NA,NA,NA,NA,NA,NA,NA,NA
1965,228,52,N,Oscar,X11,hsun,h,sun,33,40.5,17,9,77,11,48,21,7,43,3
1966,228,52,S,Oscar,X11,hsun,h,sun,33,36,16,9,56,14,45,22,5,12,11
1967,228,52,E,Oscar,X11,hsun,h,sun,33,29,14,6,15,11,52,23,6,55,17
1968,228,52,W,Oscar,X11,hsun,h,sun,33,34,16,7,24,13,49,23,5,17,13
1969,229,53,N,Oscar,X11,hsun,h,sun,0,19,12,5,35,9,27,15,5,28,15
1970,229,53,S,Oscar,X11,hsun,h,sun,0,35.5,19,9,77,10,41.5,19,9,61,14
1971,229,53,E,Oscar,X11,hsun,h,sun,0,23,13,10,116,7,27,16,10,61,1
1972,229,53,W,Oscar,X11,hsun,h,sun,0,35,16,10,76,14,37,17,10,58,9
1973,230,54,N,Oscar,X11,hsun,h,sun,33,38,16,11,104,15,43,19,11,73,3
1974,230,54,S,Oscar,X11,hsun,h,sun,33,43,15,10,85,17,49.5,18,10,60,14
1975,230,54,E,Oscar,X11,hsun,h,sun,33,34,20,12,117,12,35,13,8,58,4
1976,230,54,W,Oscar,X11,hsun,h,sun,33,43,15,9,127,12,49,19,9,86,10
1977,231,55,N,Oscar,X11,hsun,h,sun,33,22.5,13,9,55,8,22,13,4,25,0
1978,231,55,S,Oscar,X11,hsun,h,sun,33,35.5,17,11,182,13,35.5,16,11,62,0
1979,231,55,E,Oscar,X11,hsun,h,sun,33,32,15,11,129,14,33,16,11,72,0
1980,231,55,W,Oscar,X11,hsun,h,sun,33,24.5,13,7,40,6,24,12,3,9,0
1981,232,56,N,Oscar,X11,hsun,h,sun,33,NA,NA,NA,NA,NA,NA,NA,NA,NA,NA
1982,232,56,S,Oscar,X11,hsun,h,sun,33,NA,NA,NA,NA,NA,NA,NA,NA,NA,NA
1983,232,56,E,Oscar,X11,hsun,h,sun,33,NA,NA,NA,NA,NA,NA,NA,NA,NA,NA
1984,232,56,W,Oscar,X11,hsun,h,sun,33,NA,NA,NA,NA,NA,NA,NA,NA,NA,NA
1985,233,57,N,Oscar,X11,hsun,h,sun,0,NA,NA,NA,NA,NA,NA,NA,NA,NA,NA
1986,233,57,S,Oscar,X11,hsun,h,sun,0,NA,NA,NA,NA,NA,NA,NA,NA,NA,NA
1987,233,57,E,Oscar,X11,hsun,h,sun,0,NA,NA,NA,NA,NA,NA,NA,NA,NA,NA
1988,233,57,W,Oscar,X11,hsun,h,sun,0,NA,NA,NA,NA,NA,NA,NA,NA,NA,NA
1989,234,58,N,Oscar,X11,hsun,h,sun,0,43,16,8,55,9,47,18,8,37,2
1990,234,58,S,Oscar,X11,hsun,h,sun,0,33.5,13,6,2.9,12,43,28,4,22,9
1991,234,58,E,Oscar,X11,hsun,h,sun,0,25,10,2,5,13,43.5,18,2,2,11
1992,234,58,W,Oscar,X11,hsun,h,sun,0,44,17,8,25,12,51,18,7,1,0
1993,235,59,N,Oscar,X11,hsun,h,sun,0,23,10,4,20,13,33.5,13,3,19,14
1994,235,59,S,Oscar,X11,hsun,h,sun,0,22.5,10,4,29,12,34,15,4,25,11
1995,235,59,E,Oscar,X11,hsun,h,sun,0,28,12,6,27,13,40,18,5,22,17
1996,235,59,W,Oscar,X11,hsun,h,sun,0,26.5,11,4,12,12,41,16,4,12,17
1997,236,60,N,Oscar,X11,hsun,h,sun,33,27,12,8,95,11,27,12,8,69,2
1998,236,60,S,Oscar,X11,hsun,h,sun,33,40,17,12,113,12,34,17,11,83,0
1999,236,60,E,Oscar,X11,hsun,h,sun,33,39,20,14,119,11,40,17,12,75,0
2000,236,60,W,Oscar,X11,hsun,h,sun,33,37,17,12,93,9,37,19,12,74,4
2001,237,61,N,Oscar,X11,hsun,h,sun,33,30,12,6,43,12,37,16,6,42,3
2002,237,61,S,Oscar,X11,hsun,h,sun,33,24,10,3,17,14,41.5,17,3,10,13
2003,237,61,E,Oscar,X11,hsun,h,sun,33,28,11,5,25,12,35,17,5,19,9
2004,237,61,W,Oscar,X11,hsun,h,sun,33,28.5,11,5,41,14,40,16,6,41,9
2005,238,62,N,Oscar,X11,hsun,h,sun,0,40,18,12,138,13,39.5,18,11,82,0
2006,238,62,S,Oscar,X11,hsun,h,sun,0,34.5,15,10,114,11,34,15,9,51,0
2007,238,62,E,Oscar,X11,hsun,h,sun,0,41,17,11,151,9,40,17,11,85,2
2008,238,62,W,Oscar,X11,hsun,h,sun,0,37.5,16,10,100,12,35.5,15,9,48,0
2009,239,63,N,Oscar,X11,hsun,h,sun,0,24.5,12,6,14,9,43,19,5,14,13
2010,239,63,S,Oscar,X11,hsun,h,sun,0,35,14,5,23,10,50,22,4,12,7
2011,239,63,E,Oscar,X11,hsun,h,sun,0,25,12,5,18,9,29,13,3,13,2
2012,239,63,W,Oscar,X11,hsun,h,sun,0,24,11,5,11,12,43.5,18,3,6,12
2013,240,64,N,Oscar,X11,hsun,h,sun,33,NA,NA,NA,NA,NA,NA,NA,NA,NA,NA
2014,240,64,S,Oscar,X11,hsun,h,sun,33,NA,NA,NA,NA,NA,NA,NA,NA,NA,NA
2015,240,64,E,Oscar,X11,hsun,h,sun,33,NA,NA,NA,NA,NA,NA,NA,NA,NA,NA
2016,240,64,W,Oscar,X11,hsun,h,sun,33,NA,NA,NA,NA,NA,NA,NA,NA,NA,NA
2017,241,65,N,Oscar,X11,hsun,h,sun,0,NA,NA,NA,NA,NA,NA,NA,NA,NA,NA
2018,241,65,S,Oscar,X11,hsun,h,sun,0,NA,NA,NA,NA,NA,NA,NA,NA,NA,NA
2019,241,65,E,Oscar,X11,hsun,h,sun,0,NA,NA,NA,NA,NA,NA,NA,NA,NA,NA
2020,241,65,W,Oscar,X11,hsun,h,sun,0,NA,NA,NA,NA,NA,NA,NA,NA,NA,NA
2021,242,66,N,Oscar,X11,hsun,h,sun,66,26.5,14,7,61,12,42,20,7,49,17
2022,242,66,S,Oscar,X11,hsun,h,sun,66,25.5,13,7,76,14,26,13,7,52,1
2023,242,66,E,Oscar,X11,hsun,h,sun,66,29,14,8,72,13,40.5,20,8,43,7
2024,242,66,W,Oscar,X11,hsun,h,sun,66,42,18,13,160,12,48,20,12,60,6
2025,243,67,N,Oscar,X12,lsun,l,sun,0,29,11,8,84,9,27.5,13,6,30,0
2026,243,67,S,Oscar,X12,lsun,l,sun,0,37,15,11,139,13,35.5,16,10,83,0
2027,243,67,E,Oscar,X12,lsun,l,sun,0,36,17,12,158,14,36.5,18,11,93,3
2028,243,67,W,Oscar,X12,lsun,l,sun,0,32,15,10,124,8,34,18,10,77,6
2029,244,68,N,Oscar,X12,lsun,l,sun,0,31,12,4,27,16,37,16,4,26,14
2030,244,68,S,Oscar,X12,lsun,l,sun,0,44,17,12,105,16,46,15,11,92,8
2031,244,68,E,Oscar,X12,lsun,l,sun,0,42,17,8,80,17,46,20,9,61,2
2032,244,68,W,Oscar,X12,lsun,l,sun,0,36,14,4,24,17,39,16,4,17,4
2033,245,69,N,Oscar,X12,lsun,l,sun,66,31,15,9,125,11,32,15,9,90,1
2034,245,69,S,Oscar,X12,lsun,l,sun,66,34,14,9,146,13,38,18,10,95,7
2035,245,69,E,Oscar,X12,lsun,l,sun,66,29,14,9,129,11,32,14,9,84,4
2036,245,69,W,Oscar,X12,lsun,l,sun,66,35,16,11,121,11,36.5,18,11,97,3
2037,246,70,N,Oscar,X12,lsun,l,sun,0,26,11,6,48,12,39,14,5,45,14
2038,246,70,S,Oscar,X12,lsun,l,sun,0,21.5,10,4,21,14,32,14,3,20,17
2039,246,70,E,Oscar,X12,lsun,l,sun,0,19,10,4,17,8,34.5,16,4,10,17
2040,246,70,W,Oscar,X12,lsun,l,sun,0,32,15,9,65,12,34,17,8,61,0
2041,247,71,N,Oscar,X12,lsun,l,sun,0,30,13,9,100,8,32,16,9,60,4
2042,247,71,S,Oscar,X12,lsun,l,sun,0,35,15,10,134,9,35,16,10,74,0
2043,247,71,E,Oscar,X12,lsun,l,sun,0,26.5,12,6,66,10,29,14,6,60,6
2044,247,71,W,Oscar,X12,lsun,l,sun,0,29,12,6,67,14,30,14,6,52,6
2045,248,72,N,Oscar,X12,lsun,l,sun,33,24,10,0,0,10,24,9,0,0,0
2046,248,72,S,Oscar,X12,lsun,l,sun,33,18.5,8,1,3,14,45,17,1,3,18
2047,248,72,E,Oscar,X12,lsun,l,sun,33,15,8,2,8,8,20.5,12,2,4,7
2048,248,72,W,Oscar,X12,lsun,l,sun,33,NA,NA,NA,NA,NA,39,15,3,12,6
2049,249,73,N,Oscar,X12,lsun,l,sun,66,23.5,11,6,64,11,26,13,6,52,8
2050,249,73,S,Oscar,X12,lsun,l,sun,66,29,13,5,50,11,29,13,5,38,0
2051,249,73,E,Oscar,X12,lsun,l,sun,66,32,12,7,50,8,33,12,6,22,4
2052,249,73,W,Oscar,X12,lsun,l,sun,66,39,12,7,98,12,42,13,7,57,1
2053,250,74,N,Oscar,X12,lsun,l,sun,66,40,17,11,166,11,44,19,11,122,1
2054,250,74,S,Oscar,X12,lsun,l,sun,66,35,14,9,108,16,37,16,8,68,0
2055,250,74,E,Oscar,X12,lsun,l,sun,66,33,13,7,64,15,40.5,18,7,59,5
2056,250,74,W,Oscar,X12,lsun,l,sun,66,33.5,13,7,61,13,37,16,7,54,5
2057,251,75,N,Oscar,X12,lsun,l,sun,33,NA,NA,NA,NA,NA,NA,NA,NA,NA,NA
2058,251,75,S,Oscar,X12,lsun,l,sun,33,NA,NA,NA,NA,NA,NA,NA,NA,NA,NA
2059,251,75,E,Oscar,X12,lsun,l,sun,33,NA,NA,NA,NA,NA,NA,NA,NA,NA,NA
2060,251,75,W,Oscar,X12,lsun,l,sun,33,NA,NA,NA,NA,NA,NA,NA,NA,NA,NA
2061,252,76,N,Oscar,X12,lsun,l,sun,33,NA,NA,NA,NA,NA,NA,NA,NA,NA,NA
2062,252,76,S,Oscar,X12,lsun,l,sun,33,NA,NA,NA,NA,NA,NA,NA,NA,NA,NA
2063,252,76,E,Oscar,X12,lsun,l,sun,33,NA,NA,NA,NA,NA,NA,NA,NA,NA,NA
2064,252,76,W,Oscar,X12,lsun,l,sun,33,NA,NA,NA,NA,NA,NA,NA,NA,NA,NA
2065,253,77,N,Oscar,X12,lsun,l,sun,0,27,14,5,25,7,26,13,5,16,0
2066,253,77,S,Oscar,X12,lsun,l,sun,0,33,16,10,65,11,33,14,7,46,1
2067,253,77,E,Oscar,X12,lsun,l,sun,0,37,17,10,77,13,37,17,10,70,0
2068,253,77,W,Oscar,X12,lsun,l,sun,0,35,15,9,78,11,41,19,10,73,4
2069,254,78,N,Oscar,X12,lsun,l,sun,0,NA,NA,NA,NA,NA,NA,NA,NA,NA,NA
2070,254,78,S,Oscar,X12,lsun,l,sun,0,NA,NA,NA,NA,NA,NA,NA,NA,NA,NA
2071,254,78,E,Oscar,X12,lsun,l,sun,0,NA,NA,NA,NA,NA,NA,NA,NA,NA,NA
2072,254,78,W,Oscar,X12,lsun,l,sun,0,NA,NA,NA,NA,NA,NA,NA,NA,NA,NA
2073,255,79,N,Oscar,X12,lsun,l,sun,0,29,13,7,65,6,37,16,6,55,5
2074,255,79,S,Oscar,X12,lsun,l,sun,0,26,10,5,32,10,36,15,5,20,10
2075,255,79,E,Oscar,X12,lsun,l,sun,0,31.5,12,7,32,8,30,12,7,28,2
2076,255,79,W,Oscar,X12,lsun,l,sun,0,33.5,14,8,55,10,34,14,8,42,3
2077,256,80,N,Oscar,X12,lsun,l,sun,66,26,14,8,84,8,27,16,8,43,7
2078,256,80,S,Oscar,X12,lsun,l,sun,66,29,13,8,66,11,30,15,7,63,0
2079,256,80,E,Oscar,X12,lsun,l,sun,66,21,10,7,43,10,21.5,11,5,37,4
2080,256,80,W,Oscar,X12,lsun,l,sun,66,29,14,8,51,9,32.5,16,8,44,0
2081,257,81,N,Oscar,X12,lsun,l,sun,33,NA,NA,NA,NA,NA,NA,NA,NA,NA,NA
2082,257,81,S,Oscar,X12,lsun,l,sun,33,NA,NA,NA,NA,NA,NA,NA,NA,NA,NA
2083,257,81,E,Oscar,X12,lsun,l,sun,33,NA,NA,NA,NA,NA,NA,NA,NA,NA,NA
2084,257,81,W,Oscar,X12,lsun,l,sun,33,NA,NA,NA,NA,NA,NA,NA,NA,NA,NA
2085,258,82,N,Oscar,X12,lsun,l,sun,33,NA,NA,NA,NA,NA,NA,NA,NA,NA,NA
2086,258,82,S,Oscar,X12,lsun,l,sun,33,NA,NA,NA,NA,NA,NA,NA,NA,NA,NA
2087,258,82,E,Oscar,X12,lsun,l,sun,33,NA,NA,NA,NA,NA,NA,NA,NA,NA,NA
2088,258,82,W,Oscar,X12,lsun,l,sun,33,NA,NA,NA,NA,NA,NA,NA,NA,NA,NA
2089,259,83,N,Oscar,X12,lsun,l,sun,0,23,10,4,15,12,37,16,3,12,16
2090,259,83,S,Oscar,X12,lsun,l,sun,0,26,11,5,8,11,38,15,4,6,10
2091,259,83,E,Oscar,X12,lsun,l,sun,0,27,10,5,13,11,42,18,2,6,14
2092,259,83,W,Oscar,X12,lsun,l,sun,0,49,17,11,78,13,55,20,11,62,13
2093,260,84,N,Oscar,X12,lsun,l,sun,33,35.5,16,9,83,20,36.5,16,11,77,2
2094,260,84,S,Oscar,X12,lsun,l,sun,33,37,14,11,134,12,38.5,18,8,78,2
2095,260,84,E,Oscar,X12,lsun,l,sun,33,43,17,12,98,12,44,16,10,46,0
2096,260,84,W,Oscar,X12,lsun,l,sun,33,29,12,9,49,6,29,19,7,23,0
2097,261,85,N,Oscar,X12,lsun,l,sun,66,23,12,8,64,7,21,12,8,10,1
2098,261,85,S,Oscar,X12,lsun,l,sun,66,33.5,13,9,110,12,36,17,9,85,2
2099,261,85,E,Oscar,X12,lsun,l,sun,66,26.5,12,7,61,9,27.5,13,7,40,3
2100,261,85,W,Oscar,X12,lsun,l,sun,66,35,15,10,142,10,35,15,10,77,0
2101,262,86,N,Oscar,X12,lsun,l,sun,66,28,13,8,100,7,29,12,8,70,1
2102,262,86,S,Oscar,X12,lsun,l,sun,66,44,16,10,146,11,43,16,8,68,0
2103,262,86,E,Oscar,X12,lsun,l,sun,66,38,17,12,210,8,37.5,15,10,98,0
2104,262,86,W,Oscar,X12,lsun,l,sun,66,35,14,10,143,10,36,15,10,63,0
2105,263,87,N,Oscar,X12,lsun,l,sun,0,31,13,8,97,9,41,18,8,73,17
2106,263,87,S,Oscar,X12,lsun,l,sun,0,27,12,6,48,5,27,10,6,34,0
2107,263,87,E,Oscar,X12,lsun,l,sun,0,33,18,10,61,7,33.5,14,7,65,4
2108,263,87,W,Oscar,X12,lsun,l,sun,0,29,12,8,53,8,30,13,8,50,4
2109,264,88,N,Oscar,X12,lsun,l,sun,0,27,14,8,96,10,28,13,8,59,2
2110,264,88,S,Oscar,X12,lsun,l,sun,0,24,12,8,52,5,22,11,6,17,0
2111,264,88,E,Oscar,X12,lsun,l,sun,0,31.5,16,10,62,10,37,20,10,49,13
2112,264,88,W,Oscar,X12,lsun,l,sun,0,33,15,5,25,10,36.5,20,5,17,8